Workbook

Sheet Tabela
A1: Miejsce | B1: klub | C1: logo | D1: liga | E1: mecze | F1: punkty | G1: strzelone | H1: stracone | I1: wygrane | J1: remisy | K1: porażki | L1: bilans
A2: 1 | B2: Arsenal | C2: =IMAGE("https://upload.wikimedia.org/wikipedia/en/5/53/Arsenal_FC.svg") | D2: =IMAGE("https://flagcdn.com/w320/gb-eng.png") | E2: =Arsenal!H63 -> 7 | F2: =Arsenal!I63 -> 21 | G2: =Arsenal!J63 -> 20 | H2: =Arsenal!K63 -> 2 | I2: =Arsenal!L63 -> 7 | J2: =Arsenal!M63 -> 0 | K2: =Arsenal!N63 -> 0 | L2: =G2-H2 -> 18
A3: 2 | B3: Bayern Monachium | C3: =IMAGE("https://upload.wikimedia.org/wikipedia/commons/1/1b/FC_Bayern_M%C3%BCnchen_logo_%282017%29.svg") | D3: =IMAGE("https://flagcdn.com/w320/de.png") | E3: =Bayern!H36 -> 7 | F3: =Bayern!I36 -> 18 | G3: =Bayern!J36 -> 20 | H3: =Bayern!K36 -> 7 | I3: =Bayern!L36 -> 6 | J3: =Bayern!M36 -> 0 | K3: =Bayern!N36 -> 1 | L3: =G3-H3 -> 13
A4: 3 | B4: Atalanta | C4: =IMAGE("https://upload.wikimedia.org/wikipedia/commons/8/81/Logo_Atalanta_Bergamo.svg") | D4: =IMAGE("https://flagcdn.com/w320/it.png") | E4: =Atalanta!H34 -> 7 | F4: =Atalanta!I34 -> 13 | G4: =Atalanta!J34 -> 10 | H4: =Atalanta!K34 -> 9 | I4: =Atalanta!L34 -> 4 | J4: =Atalanta!M34 -> 1 | K4: =Atalanta!N34 -> 2 | L4: =G4-H4 -> 1
A5: 4 | B5: Paris Saint-Germain | C5: =IMAGE("https://upload.wikimedia.org/wikipedia/en/a/a7/Paris_Saint-Germain_F.C..svg") | D5: =IMAGE("https://flagcdn.com/w320/fr.png") | E5: =PSG!H33 -> 7 | F5: =PSG!I33 -> 13 | G5: =PSG!J33 -> 20 | H5: =PSG!K33 -> 10 | I5: =PSG!L33 -> 4 | J5: =PSG!M33 -> 1 | K5: =PSG!N33 -> 2 | L5: =G5-H5 -> 10
A6: 5 | B6: Inter Mediolan | C6: =IMAGE("https://upload.wikimedia.org/wikipedia/commons/0/05/FC_Internazionale_Milano_2021.svg") | D6: =IMAGE("https://flagcdn.com/w320/it.png") | E6: =Inter!H33 -> 7 | F6: =Inter!I33 -> 12 | G6: =Inter!J33 -> 13 | H6: =Inter!K33 -> 7 | I6: =Inter!L33 -> 4 | J6: =Inter!M33 -> 0 | K6: =Inter!N33 -> 3 | L6: =G6-H6 -> 6
A7: 6 | B7: Real Madryt | C7: =IMAGE("https://upload.wikimedia.org/wikipedia/en/5/56/Real_Madrid_CF.svg") | D7: =IMAGE("https://flagcdn.com/w320/es.png") | E7: =Real!H47 -> 7 | F7: =Real!I47 -> 15 | G7: =Real!J47 -> 19 | H7: =Real!K47 -> 8 | I7: =Real!L47 -> 5 | J7: =Real!M47 -> 0 | K7: =Real!N47 -> 2 | L7: =G7-H7 -> 11
A8: 7 | B8: Liverpool | C8: =IMAGE("https://upload.wikimedia.org/wikipedia/en/0/0c/Liverpool_FC.svg") | D8: =IMAGE("https://flagcdn.com/w320/gb-eng.png") | E8: =Liverpool!H32 -> 6 | F8: =Liverpool!I32 -> 12 | G8: =Liverpool!J32 -> 11 | H8: =Liverpool!K32 -> 8 | I8: =Liverpool!L32 -> 4 | J8: =Liverpool!M32 -> 0 | K8: =Liverpool!N32 -> 2 | L8: =G8-H8 -> 3
A9: 8 | B9: Atlético Madryt | C9: =IMAGE("https://upload.wikimedia.org/wikinews/en/c/c1/Atletico_Madrid_logo.svg") | D9: =IMAGE("https://flagcdn.com/w320/es.png") | E9: =Atletico!H44 -> 7 | F9: =Atletico!I44 -> 13 | G9: =Atletico!J44 -> 16 | H9: =Atletico!K44 -> 12 | I9: =Atletico!L44 -> 4 | J9: =Atletico!M44 -> 1 | K9: =Atletico!N44 -> 2 | L9: =G9-H9 -> 4
A10: 9 | B10: Tottenham Hotspur | C10: =IMAGE("https://upload.wikimedia.org/wikipedia/en/b/b4/Tottenham_Hotspur.svg") | D10: =IMAGE("https://flagcdn.com/w320/gb-eng.png") | E10: =Tottenham!H39 -> 7 | F10: =Tottenham!I39 -> 14 | G10: =Tottenham!J39 -> 15 | H10: =Tottenham!K39 -> 7 | I10: =Tottenham!L39 -> 4 | J10: =Tottenham!M39 -> 2 | K10: =Tottenham!N39 -> 1 | L10: =G10-H10 -> 8
A11: 10 | B11: Borussia Dortmund | C11: =IMAGE("https://upload.wikimedia.org/wikipedia/commons/6/67/Borussia_Dortmund_logo.svg") | D11: =IMAGE("https://flagcdn.com/w320/de.png") | E11: =Borussia!H32 -> 7 | F11: =Borussia!I32 -> 11 | G11: =Borussia!J32 -> 19 | H11: =Borussia!K32 -> 15 | I11: =Borussia!L32 -> 3 | J11: =Borussia!M32 -> 2 | K11: =Borussia!N32 -> 2 | L11: =G11-H11 -> 4
A12: 11 | B12: Chelsea | C12: =IMAGE("https://upload.wikimedia.org/wikipedia/en/c/cc/Chelsea_FC.svg") | D12: =IMAGE("https://flagcdn.com/w320/gb-eng.png") | E12: =Chelsea!H38 -> 7 | F12: =Chelsea!I38 -> 13 | G12: =Chelsea!J38 -> 14 | H12: =Chelsea!K38 -> 8 | I12: =Chelsea!L38 -> 4 | J12: =Chelsea!M38 -> 1 | K12: =Chelsea!N38 -> 2 | L12: =G12-H12 -> 6
A13: 12 | B13: Manchester City | C13: =IMAGE("https://upload.wikimedia.org/wikipedia/en/e/eb/Manchester_City_FC_badge.svg") | D13: =IMAGE("https://flagcdn.com/w320/gb-eng.png") | E13: =City!H36 -> 7 | F13: =City!I36 -> 13 | G13: =City!J36 -> 13 | H13: =City!K36 -> 9 | I13: =City!L36 -> 4 | J13: =City!M36 -> 1 | K13: =City!N36 -> 2 | L13: =G13-H13 -> 4
A14: 13 | B14: Sporting CP | C14: =IMAGE("https://upload.wikimedia.org/wikipedia/sco/3/3e/Sporting_Clube_de_Portugal.png") | D14: =IMAGE("https://flagcdn.com/w320/pt.png") | E14: =Sporting!H41 -> 7 | F14: =Sporting!I41 -> 13 | G14: =Sporting!J41 -> 14 | H14: =Sporting!K41 -> 9 | I14: =Sporting!L41 -> 4 | J14: =Sporting!M41 -> 1 | K14: =Sporting!N41 -> 2 | L14: =G14-H14 -> 5
A15: 14 | B15: Barcelona | C15: =IMAGE("https://upload.wikimedia.org/wikipedia/en/4/47/FC_Barcelona_%28crest%29.svg") | D15: =IMAGE("https://flagcdn.com/w320/es.png") | E15: =Barcelona!H37 -> 7 | F15: =Barcelona!I37 -> 13 | G15: =Barcelona!J37 -> 18 | H15: =Barcelona!K37 -> 13 | I15: =Barcelona!L37 -> 4 | J15: =Barcelona!M37 -> 1 | K15: =Barcelona!N37 -> 2 | L15: =G15-H15 -> 5
A16: 15 | B16: Newcastle United | C16: =IMAGE("https://upload.wikimedia.org/wikipedia/en/5/56/Newcastle_United_Logo.svg") | D16: =IMAGE("https://flagcdn.com/w320/gb-eng.png") | E16: =Newcastle!H34 -> 7 | F16: =Newcastle!I34 -> 13 | G16: =Newcastle!J34 -> 16 | H16: =Newcastle!K34 -> 6 | I16: =Newcastle!L34 -> 4 | J16: =Newcastle!M34 -> 1 | K16: =Newcastle!N34 -> 2 | L16: =G16-H16 -> 10
A17: 16 | B17: Galatasaray | C17: =IMAGE("https://upload.wikimedia.org/wikipedia/commons/2/20/Galatasaray_Sports_Club_Logo.svg") | D17: =IMAGE("https://flagcdn.com/w320/tr.png") | E17: =Galatasaray!H34 -> 7 | F17: =Galatasaray!I34 -> 10 | G17: =Galatasaray!J34 -> 9 | H17: =Galatasaray!K34 -> 9 | I17: =Galatasaray!L34 -> 3 | J17: =Galatasaray!M34 -> 1 | K17: =Galatasaray!N34 -> 3 | L17: =G17-H17 -> 0
A18: 17 | B18: Marsylia | C18: =IMAGE("https://upload.wikimedia.org/wikipedia/commons/d/d8/Olympique_Marseille_logo.svg") | D18: =IMAGE("https://flagcdn.com/w320/fr.png") | E18: =Marsylia!H47 -> 7 | F18: =Marsylia!I47 -> 9 | G18: =Marsylia!J47 -> 11 | H18: =Marsylia!K47 -> 11 | I18: =Marsylia!L47 -> 3 | J18: =Marsylia!M47 -> 0 | K18: =Marsylia!N47 -> 4 | L18: =G18-H18 -> 0
A19: 18 | B19: Monaco | C19: =IMAGE("https://upload.wikimedia.org/wikipedia/fr/5/58/Logo_AS_Monaco_FC_-_2021.svg") | D19: =IMAGE("https://flagcdn.com/w320/fr.png") | E19: =Monaco!H40 -> 7 | F19: =Monaco!I40 -> 9 | G19: =Monaco!J40 -> 8 | H19: =Monaco!K40 -> 14 | I19: =Monaco!L40 -> 2 | J19: =Monaco!M40 -> 3 | K19: =Monaco!N40 -> 2 | L19: =G19-H19 -> -6
A20: 19 | B20: PSV Eindhoven | C20: =IMAGE("https://upload.wikimedia.org/wikipedia/en/0/05/PSV_Eindhoven.svg") | D20: =IMAGE("https://flagcdn.com/w320/nl.png") | E20: =PSV!H60 -> 7 | F20: =PSV!I60 -> 8 | G20: =PSV!J60 -> 15 | H20: =PSV!K60 -> 14 | I20: =PSV!L60 -> 2 | J20: =PSV!M60 -> 2 | K20: =PSV!N60 -> 3 | L20: =G20-H20 -> 1
A21: 20 | B21: Bayer Leverkusen | C21: =IMAGE("https://upload.wikimedia.org/wikipedia/en/5/59/Bayer_04_Leverkusen_logo.svg") | D21: =IMAGE("https://flagcdn.com/w320/de.png") | E21: =Leverkusen!H37 -> 7 | F21: =Leverkusen!I37 -> 9 | G21: =Leverkusen!J37 -> 10 | H21: =Leverkusen!K37 -> 14 | I21: =Leverkusen!L37 -> 2 | J21: =Leverkusen!M37 -> 3 | K21: =Leverkusen!N37 -> 2 | L21: =G21-H21 -> -4
A22: 21 | B22: Karabach | C22: =IMAGE("https://upload.wikimedia.org/wikipedia/az/1/13/Qaraba%C4%9F_FK_loqo.png") | D22: =IMAGE("https://flagcdn.com/w320/az.png") | E22: =Karabach!H31 -> 7 | F22: =Karabach!I31 -> 10 | G22: =Karabach!J31 -> 13 | H22: =Karabach!K31 -> 15 | I22: =Karabach!L31 -> 3 | J22: =Karabach!M31 -> 1 | K22: =Karabach!N31 -> 3 | L22: =G22-H22 -> -2
A23: 22 | B23: Napoli | C23: =IMAGE("https://upload.wikimedia.org/wikipedia/commons/4/4d/SSC_Napoli_2025_%28white_and_azure%29.svg") | D23: =IMAGE("https://flagcdn.com/w320/it.png") | E23: =Napoli!H33 -> 7 | F23: =Napoli!I33 -> 8 | G23: =Napoli!J33 -> 7 | H23: =Napoli!K33 -> 12 | I23: =Napoli!L33 -> 2 | J23: =Napoli!M33 -> 2 | K23: =Napoli!N33 -> 3 | L23: =G23-H23 -> -5
A24: 23 | B24: Kopenhaga | C24: =IMAGE("https://upload.wikimedia.org/wikipedia/en/2/26/FC_Copenhagen_logo.svg") | D24: =IMAGE("https://flagcdn.com/w320/dk.png") | E24: =Kopenhaga!H34 -> 7 | F24: =Kopenhaga!I34 -> 8 | G24: =Kopenhaga!J34 -> 11 | H24: =Kopenhaga!K34 -> 17 | I24: =Kopenhaga!L34 -> 2 | J24: =Kopenhaga!M34 -> 2 | K24: =Kopenhaga!N34 -> 3 | L24: =G24-H24 -> -6
A25: 24 | B25: Juventus | C25: =IMAGE("https://upload.wikimedia.org/wikipedia/commons/e/ed/Juventus_FC_-_logo_black_%28Italy%2C_2020%29.svg") | D25: =IMAGE("https://flagcdn.com/w320/it.png") | E25: =Juventus!H35 -> 7 | F25: =Juventus!I35 -> 12 | G25: =Juventus!J35 -> 14 | H25: =Juventus!K35 -> 10 | I25: =Juventus!L35 -> 3 | J25: =Juventus!M35 -> 3 | K25: =Juventus!N35 -> 1 | L25: =G25-H25 -> 4
A26: 25 | B26: Pafos | C26: =IMAGE("https://upload.wikimedia.org/wikipedia/en/9/9b/Pafos_FC_crest.svg") | D26: =IMAGE("https://flagcdn.com/w320/cy.png") | E26: =Pafos!H29 -> 7 | F26: =Pafos!I29 -> 6 | G26: =Pafos!J29 -> 4 | H26: =Pafos!K29 -> 10 | I26: =Pafos!L29 -> 1 | J26: =Pafos!M29 -> 3 | K26: =Pafos!N29 -> 3 | L26: =G26-H26 -> -6
A27: 26 | B27: Union Saint-Gilloise | C27: =IMAGE("https://upload.wikimedia.org/wikipedia/en/0/02/Royale_Union_Saint-Gilloise_logo.png") | D27: =IMAGE("https://flagcdn.com/w320/be.png") | E27: =USG!H38 -> 7 | F27: =USG!I38 -> 6 | G27: =USG!J38 -> 7 | H27: =USG!K38 -> 17 | I27: =USG!L38 -> 2 | J27: =USG!M38 -> 0 | K27: =USG!N38 -> 5 | L27: =G27-H27 -> -10
A28: 27 | B28: Olympiacos | C28: =IMAGE("https://upload.wikimedia.org/wikipedia/en/a/a2/Olympiacos_FC_crest.svg") | D28: =IMAGE("https://flagcdn.com/w320/gr.png") | E28: =Olympiacos!H32 -> 7 | F28: =Olympiacos!I32 -> 8 | G28: =Olympiacos!J32 -> 8 | H28: =Olympiacos!K32 -> 13 | I28: =Olympiacos!L32 -> 2 | J28: =Olympiacos!M32 -> 2 | K28: =Olympiacos!N32 -> 3 | L28: =G28-H28 -> -5
A29: 28 | B29: Club Brugge | C29: =IMAGE("https://upload.wikimedia.org/wikipedia/en/d/d0/Club_Brugge_KV_logo.svg") | D29: =IMAGE("https://flagcdn.com/w320/be.png") | E29: =Brugge!H41 -> 7 | F29: =Brugge!I41 -> 7 | G29: =Brugge!J41 -> 12 | H29: =Brugge!K41 -> 17 | I29: =Brugge!L41 -> 2 | J29: =Brugge!M41 -> 1 | K29: =Brugge!N41 -> 4 | L29: =G29-H29 -> -5
A30: 29 | B30: Athletic Bilbao | C30: =IMAGE("https://upload.wikimedia.org/wikipedia/en/9/98/Club_Athletic_Bilbao_logo.svg") | D30: =IMAGE("https://flagcdn.com/w320/es.png") | E30: =Athletic!H38 -> 7 | F30: =Athletic!I38 -> 8 | G30: =Athletic!J38 -> 7 | H30: =Athletic!K38 -> 11 | I30: =Athletic!L38 -> 2 | J30: =Athletic!M38 -> 2 | K30: =Athletic!N38 -> 3 | L30: =G30-H30 -> -4
A31: 30 | B31: Eintracht Frankfurt | C31: =IMAGE("https://upload.wikimedia.org/wikipedia/en/7/7e/Eintracht_Frankfurt_crest.svg") | D31: =IMAGE("https://flagcdn.com/w320/de.png") | E31: =Frankfurt!H39 -> 7 | F31: =Frankfurt!I39 -> 4 | G31: =Frankfurt!J39 -> 10 | H31: =Frankfurt!K39 -> 19 | I31: =Frankfurt!L39 -> 1 | J31: =Frankfurt!M39 -> 1 | K31: =Frankfurt!N39 -> 5 | L31: =G31-H31 -> -9
A32: 31 | B32: Benfica | C32: =IMAGE("https://upload.wikimedia.org/wikipedia/en/a/a2/SL_Benfica_logo.svg") | D32: =IMAGE("https://flagcdn.com/w320/pt.png") | E32: =Benfica!H41 -> 7 | F32: =Benfica!I41 -> 6 | G32: =Benfica!J41 -> 6 | H32: =Benfica!K41 -> 10 | I32: =Benfica!L41 -> 2 | J32: =Benfica!M41 -> 0 | K32: =Benfica!N41 -> 5 | L32: =G32-H32 -> -4
A33: 32 | B33: Ajax | C33: =IMAGE("https://upload.wikimedia.org/wikipedia/en/7/79/Ajax_Amsterdam.svg") | D33: =IMAGE("https://flagcdn.com/w320/nl.png") | E33: =Ajax!H53 -> 7 | F33: =Ajax!I53 -> 6 | G33: =Ajax!J53 -> 7 | H33: =Ajax!K53 -> 19 | I33: =Ajax!L53 -> 2 | J33: =Ajax!M53 -> 0 | K33: =Ajax!N53 -> 5 | L33: =G33-H33 -> -12
A34: 33 | B34: Bodø/Glimt | C34: =IMAGE("https://upload.wikimedia.org/wikipedia/en/8/8d/FK_Bodo_Glimt_logo.svg") | D34: =IMAGE("https://flagcdn.com/w320/no.png") | E34: =Bodo!H37 -> 7 | F34: =Bodo!I37 -> 6 | G34: =Bodo!J37 -> 12 | H34: =Bodo!K37 -> 14 | I34: =Bodo!L37 -> 1 | J34: =Bodo!M37 -> 3 | K34: =Bodo!N37 -> 3 | L34: =G34-H34 -> -2
A35: 34 | B35: Slavia Praga | C35: =IMAGE("https://upload.wikimedia.org/wikipedia/commons/2/2b/SK_Slavia_Praha_full_logo.svg") | D35: =IMAGE("https://flagcdn.com/w320/cz.png") | E35: =Slavia!H44 -> 7 | F35: =Slavia!I44 -> 3 | G35: =Slavia!J44 -> 4 | H35: =Slavia!K44 -> 15 | I35: =Slavia!L44 -> 0 | J35: =Slavia!M44 -> 3 | K35: =Slavia!N44 -> 4 | L35: =G35-H35 -> -11
A36: 35 | B36: Villarreal | C36: =IMAGE("https://upload.wikimedia.org/wikipedia/en/b/b9/Villarreal_CF_logo-en.svg") | D36: =IMAGE("https://flagcdn.com/w320/es.png") | E36: =Villarreal!H34 -> 7 | F36: =Villarreal!I34 -> 1 | G36: =Villarreal!J34 -> 5 | H36: =Villarreal!K34 -> 15 | I36: =Villarreal!L34 -> 0 | J36: =Villarreal!M34 -> 1 | K36: =Villarreal!N34 -> 6 | L36: =G36-H36 -> -10
A37: 36 | B37: Kairat | C37: =IMAGE("https://upload.wikimedia.org/wikipedia/commons/1/1b/FCKairat_logo.png") | D37: =IMAGE("https://flagcdn.com/w320/kz.png") | E37: =Kairat!H42 -> 7 | F37: =Kairat!I42 -> 1 | G37: =Kairat!J42 -> 5 | H37: =Kairat!K42 -> 19 | I37: =Kairat!L42 -> 0 | J37: =Kairat!M42 -> 1 | K37: =Kairat!N42 -> 6 | L37: =G37-H37 -> -14

Sheet Strzelcy
A1: Miejsce | B1: numer | C1: imię i nazwisko | D1: pozycja | E1: kraj | F1: data urodzenia | G1: wiek | H1: liczba goli
A2: 1 | B2: =IFERROR(__xludf.DUMMYFUNCTION("QUERY({Ajax!A2:G1001,Ajax!J2:J1001; Arsenal!A2:G1001,Arsenal!J2:J1001; Atalanta!A2:G1001,Atalanta!J2:J1001; Athletic!A2:G1001,Athletic!J2:J1001; Atletico!A2:G1001,Atletico!J2:J1001; Borussia!A2:G1001,Borussia!J2:J1001; Barcelona!A2:G1001,Barcelona!J2:J100"&"1; Bayern!A2:G1001,Bayern!J2:J1001; Benfica!A2:G1001,Benfica!J2:J1001; Bodo!A2:G1001,Bodo!J2:J1001; Chelsea!A2:G1001,Chelsea!J2:J1001; Brugge!A2:G1001,Brugge!J2:J1001; Kopenhaga!A2:G1001,Kopenhaga!J2:J1001; Frankfurt!A2:G1001,Frankfurt!J2:J1001; Galatasar"&"ay!A2:G1001,Galatasaray!J2:J1001; Inter!A2:G1001,Inter!J2:J1001; Kairat!A2:G1001,Kairat!J2:J1001; Juventus!A2:G1001,Juventus!J2:J1001; Leverkusen!A2:G1001,Leverkusen!J2:J1001; Liverpool!A2:G1001,Liverpool!J2:J1001; City!A2:G1001,City!J2:J1001; Marsylia!A2"&":G1001,Marsylia!J2:J1001; Monaco!A2:G1001,Monaco!J2:J1001; Napoli!A2:G1001,Napoli!J2:J1001; Newcastle!A2:G1001,Newcastle!J2:J1001; Olympiacos!A2:G1001,Olympiacos!J2:J1001; Pafos!A2:G1001,Pafos!J2:J1001; PSG!A2:G1001,PSG!J2:J1001; PSV!A2:G1001,PSV!J2:J1001"&"; Real!A2:G1001,Real!J2:J1001; Slavia!A2:G1001,Slavia!J2:J1001; Sporting!A2:G1001,Sporting!J2:J1001; Karabach!A2:G1001,Karabach!J2:J1001; Tottenham!A2:G1001,Tottenham!J2:J1001; USG!A2:G1001,USG!J2:J1001; Villarreal!A2:G1001,Villarreal!J2:J1001},""SELECT C"&"ol1, Col2, Col3, Col4, Col6, Col7, Col8 WHERE Col8 IS NOT NULL AND NOT Col3 CONTAINS 'trener' AND NOT Col3 CONTAINS 'trenera' AND Col1 IS NOT NULL ORDER BY Col8 DESC"")"),10.0) -> 10 | C2: =IFERROR(__xludf.DUMMYFUNCTION("""COMPUTED_VALUE"""),"Kylian Mbappé") -> Kylian Mbappé | D2: =IFERROR(__xludf.DUMMYFUNCTION("""COMPUTED_VALUE"""),"napastnik") -> napastnik | E2: =IFERROR(__xludf.DUMMYFUNCTION("""COMPUTED_VALUE"""),"Francja /Kamerun") -> Francja /Kamerun | F2: =IFERROR(__xludf.DUMMYFUNCTION("""COMPUTED_VALUE"""),36149.0) -> 36149 | G2: =IFERROR(__xludf.DUMMYFUNCTION("""COMPUTED_VALUE"""),27.0) -> 27 | H2: =IFERROR(__xludf.DUMMYFUNCTION("""COMPUTED_VALUE"""),11.0) -> 11
A3: 2 | B3: =IFERROR(__xludf.DUMMYFUNCTION("""COMPUTED_VALUE"""),9.0) -> 9 | C3: =IFERROR(__xludf.DUMMYFUNCTION("""COMPUTED_VALUE"""),"Harry Kane") -> Harry Kane | D3: =IFERROR(__xludf.DUMMYFUNCTION("""COMPUTED_VALUE"""),"napastnik") -> napastnik | E3: =IFERROR(__xludf.DUMMYFUNCTION("""COMPUTED_VALUE"""),"Anglia") -> Anglia | F3: =IFERROR(__xludf.DUMMYFUNCTION("""COMPUTED_VALUE"""),34178.0) -> 34178 | G3: =IFERROR(__xludf.DUMMYFUNCTION("""COMPUTED_VALUE"""),32.0) -> 32 | H3: =IFERROR(__xludf.DUMMYFUNCTION("""COMPUTED_VALUE"""),7.0) -> 7
A4: 3 | B4: =IFERROR(__xludf.DUMMYFUNCTION("""COMPUTED_VALUE"""),45.0) -> 45 | C4: =IFERROR(__xludf.DUMMYFUNCTION("""COMPUTED_VALUE"""),"Victor Osimhen") -> Victor Osimhen | D4: =IFERROR(__xludf.DUMMYFUNCTION("""COMPUTED_VALUE"""),"napastnik") -> napastnik | E4: =IFERROR(__xludf.DUMMYFUNCTION("""COMPUTED_VALUE"""),"Nigeria") -> Nigeria | F4: =IFERROR(__xludf.DUMMYFUNCTION("""COMPUTED_VALUE"""),36158.0) -> 36158 | G4: =IFERROR(__xludf.DUMMYFUNCTION("""COMPUTED_VALUE"""),27.0) -> 27 | H4: =IFERROR(__xludf.DUMMYFUNCTION("""COMPUTED_VALUE"""),6.0) -> 6
A5: 4 | B5: =IFERROR(__xludf.DUMMYFUNCTION("""COMPUTED_VALUE"""),9.0) -> 9 | C5: =IFERROR(__xludf.DUMMYFUNCTION("""COMPUTED_VALUE"""),"Erling Haaland") -> Erling Haaland | D5: =IFERROR(__xludf.DUMMYFUNCTION("""COMPUTED_VALUE"""),"napastnik") -> napastnik | E5: =IFERROR(__xludf.DUMMYFUNCTION("""COMPUTED_VALUE"""),"Norwegia") -> Norwegia | F5: =IFERROR(__xludf.DUMMYFUNCTION("""COMPUTED_VALUE"""),36728.0) -> 36728 | G5: =IFERROR(__xludf.DUMMYFUNCTION("""COMPUTED_VALUE"""),25.0) -> 25 | H5: =IFERROR(__xludf.DUMMYFUNCTION("""COMPUTED_VALUE"""),6.0) -> 6
A6: 5 | B6: =IFERROR(__xludf.DUMMYFUNCTION("""COMPUTED_VALUE"""),10.0) -> 10 | C6: =IFERROR(__xludf.DUMMYFUNCTION("""COMPUTED_VALUE"""),"Anthony Gordon") -> Anthony Gordon | D6: =IFERROR(__xludf.DUMMYFUNCTION("""COMPUTED_VALUE"""),"napastnik") -> napastnik | E6: =IFERROR(__xludf.DUMMYFUNCTION("""COMPUTED_VALUE"""),"Anglia") -> Anglia | F6: =IFERROR(__xludf.DUMMYFUNCTION("""COMPUTED_VALUE"""),36946.0) -> 36946 | G6: =IFERROR(__xludf.DUMMYFUNCTION("""COMPUTED_VALUE"""),24.0) -> 24 | H6: =IFERROR(__xludf.DUMMYFUNCTION("""COMPUTED_VALUE"""),6.0) -> 6
A7: 6 | B7: =IFERROR(__xludf.DUMMYFUNCTION("""COMPUTED_VALUE"""),11.0) -> 11 | C7: =IFERROR(__xludf.DUMMYFUNCTION("""COMPUTED_VALUE"""),"Gabriel Martinelli") -> Gabriel Martinelli | D7: =IFERROR(__xludf.DUMMYFUNCTION("""COMPUTED_VALUE"""),"napastnik") -> napastnik | E7: =IFERROR(__xludf.DUMMYFUNCTION("""COMPUTED_VALUE"""),"Brazylia /Włochy") -> Brazylia /Włochy | F7: =IFERROR(__xludf.DUMMYFUNCTION("""COMPUTED_VALUE"""),37060.0) -> 37060 | G7: =IFERROR(__xludf.DUMMYFUNCTION("""COMPUTED_VALUE"""),24.0) -> 24 | H7: =IFERROR(__xludf.DUMMYFUNCTION("""COMPUTED_VALUE"""),5.0) -> 5
A8: 7 | B8: =IFERROR(__xludf.DUMMYFUNCTION("""COMPUTED_VALUE"""),16.0) -> 16 | C8: =IFERROR(__xludf.DUMMYFUNCTION("""COMPUTED_VALUE"""),"Fermín López") -> Fermín López | D8: =IFERROR(__xludf.DUMMYFUNCTION("""COMPUTED_VALUE"""),"pomocnik") -> pomocnik | E8: =IFERROR(__xludf.DUMMYFUNCTION("""COMPUTED_VALUE"""),"Hiszpania") -> Hiszpania | F8: =IFERROR(__xludf.DUMMYFUNCTION("""COMPUTED_VALUE"""),37752.0) -> 37752 | G8: =IFERROR(__xludf.DUMMYFUNCTION("""COMPUTED_VALUE"""),22.0) -> 22 | H8: =IFERROR(__xludf.DUMMYFUNCTION("""COMPUTED_VALUE"""),5.0) -> 5
A9: 8 | B9: =IFERROR(__xludf.DUMMYFUNCTION("""COMPUTED_VALUE"""),11.0) -> 11 | C9: =IFERROR(__xludf.DUMMYFUNCTION("""COMPUTED_VALUE"""),"Harvey Barnes") -> Harvey Barnes | D9: =IFERROR(__xludf.DUMMYFUNCTION("""COMPUTED_VALUE"""),"pomocnik") -> pomocnik | E9: =IFERROR(__xludf.DUMMYFUNCTION("""COMPUTED_VALUE"""),"Anglia") -> Anglia | F9: =IFERROR(__xludf.DUMMYFUNCTION("""COMPUTED_VALUE"""),35773.0) -> 35773 | G9: =IFERROR(__xludf.DUMMYFUNCTION("""COMPUTED_VALUE"""),28.0) -> 28 | H9: =IFERROR(__xludf.DUMMYFUNCTION("""COMPUTED_VALUE"""),5.0) -> 5
A10: 9 | B10: =IFERROR(__xludf.DUMMYFUNCTION("""COMPUTED_VALUE"""),11.0) -> 11 | C10: =IFERROR(__xludf.DUMMYFUNCTION("""COMPUTED_VALUE"""),"Gorka Guruzeta") -> Gorka Guruzeta | D10: =IFERROR(__xludf.DUMMYFUNCTION("""COMPUTED_VALUE"""),"napastnik") -> napastnik | E10: =IFERROR(__xludf.DUMMYFUNCTION("""COMPUTED_VALUE"""),"Hiszpania") -> Hiszpania | F10: =IFERROR(__xludf.DUMMYFUNCTION("""COMPUTED_VALUE"""),35320.0) -> 35320 | G10: =IFERROR(__xludf.DUMMYFUNCTION("""COMPUTED_VALUE"""),29.0) -> 29 | H10: =IFERROR(__xludf.DUMMYFUNCTION("""COMPUTED_VALUE"""),4.0) -> 4
A11: 10 | B11: =IFERROR(__xludf.DUMMYFUNCTION("""COMPUTED_VALUE"""),19.0) -> 19 | C11: =IFERROR(__xludf.DUMMYFUNCTION("""COMPUTED_VALUE"""),"Julián Alvarez") -> Julián Alvarez | D11: =IFERROR(__xludf.DUMMYFUNCTION("""COMPUTED_VALUE"""),"napastnik") -> napastnik | E11: =IFERROR(__xludf.DUMMYFUNCTION("""COMPUTED_VALUE"""),"Argentyna /Włochy") -> Argentyna /Włochy | F11: =IFERROR(__xludf.DUMMYFUNCTION("""COMPUTED_VALUE"""),36556.0) -> 36556 | G11: =IFERROR(__xludf.DUMMYFUNCTION("""COMPUTED_VALUE"""),25.0) -> 25 | H11: =IFERROR(__xludf.DUMMYFUNCTION("""COMPUTED_VALUE"""),4.0) -> 4
A12: 11 | B12: =IFERROR(__xludf.DUMMYFUNCTION("""COMPUTED_VALUE"""),14.0) -> 14 | C12: =IFERROR(__xludf.DUMMYFUNCTION("""COMPUTED_VALUE"""),"Marcus Rashford") -> Marcus Rashford | D12: =IFERROR(__xludf.DUMMYFUNCTION("""COMPUTED_VALUE"""),"napastnik") -> napastnik | E12: =IFERROR(__xludf.DUMMYFUNCTION("""COMPUTED_VALUE"""),"Anglia /St. Kitts i Nevis") -> Anglia /St. Kitts i Nevis | F12: =IFERROR(__xludf.DUMMYFUNCTION("""COMPUTED_VALUE"""),35734.0) -> 35734 | G12: =IFERROR(__xludf.DUMMYFUNCTION("""COMPUTED_VALUE"""),28.0) -> 28 | H12: =IFERROR(__xludf.DUMMYFUNCTION("""COMPUTED_VALUE"""),4.0) -> 4
A13: 12 | B13: =IFERROR(__xludf.DUMMYFUNCTION("""COMPUTED_VALUE"""),10.0) -> 10 | C13: =IFERROR(__xludf.DUMMYFUNCTION("""COMPUTED_VALUE"""),"Jens Petter Hauge") -> Jens Petter Hauge | D13: =IFERROR(__xludf.DUMMYFUNCTION("""COMPUTED_VALUE"""),"napastnik") -> napastnik | E13: =IFERROR(__xludf.DUMMYFUNCTION("""COMPUTED_VALUE"""),"Norwegia") -> Norwegia | F13: =IFERROR(__xludf.DUMMYFUNCTION("""COMPUTED_VALUE"""),36445.0) -> 36445 | G13: =IFERROR(__xludf.DUMMYFUNCTION("""COMPUTED_VALUE"""),26.0) -> 26 | H13: =IFERROR(__xludf.DUMMYFUNCTION("""COMPUTED_VALUE"""),4.0) -> 4
A14: 13 | B14: =IFERROR(__xludf.DUMMYFUNCTION("""COMPUTED_VALUE"""),10.0) -> 10 | C14: =IFERROR(__xludf.DUMMYFUNCTION("""COMPUTED_VALUE"""),"Lautaro Martínez") -> Lautaro Martínez | D14: =IFERROR(__xludf.DUMMYFUNCTION("""COMPUTED_VALUE"""),"napastnik") -> napastnik | E14: =IFERROR(__xludf.DUMMYFUNCTION("""COMPUTED_VALUE"""),"Argentyna") -> Argentyna | F14: =IFERROR(__xludf.DUMMYFUNCTION("""COMPUTED_VALUE"""),35664.0) -> 35664 | G14: =IFERROR(__xludf.DUMMYFUNCTION("""COMPUTED_VALUE"""),28.0) -> 28 | H14: =IFERROR(__xludf.DUMMYFUNCTION("""COMPUTED_VALUE"""),4.0) -> 4
A15: 14 | B15: =IFERROR(__xludf.DUMMYFUNCTION("""COMPUTED_VALUE"""),8.0) -> 8 | C15: =IFERROR(__xludf.DUMMYFUNCTION("""COMPUTED_VALUE"""),"Dominik Szoboszlai") -> Dominik Szoboszlai | D15: =IFERROR(__xludf.DUMMYFUNCTION("""COMPUTED_VALUE"""),"pomocnik") -> pomocnik | E15: =IFERROR(__xludf.DUMMYFUNCTION("""COMPUTED_VALUE"""),"Węgry") -> Węgry | F15: =IFERROR(__xludf.DUMMYFUNCTION("""COMPUTED_VALUE"""),36824.0) -> 36824 | G15: =IFERROR(__xludf.DUMMYFUNCTION("""COMPUTED_VALUE"""),25.0) -> 25 | H15: =IFERROR(__xludf.DUMMYFUNCTION("""COMPUTED_VALUE"""),4.0) -> 4
A16: 15 | B16: =IFERROR(__xludf.DUMMYFUNCTION("""COMPUTED_VALUE"""),14.0) -> 14 | C16: =IFERROR(__xludf.DUMMYFUNCTION("""COMPUTED_VALUE"""),"Igor Paixão") -> Igor Paixão | D16: =IFERROR(__xludf.DUMMYFUNCTION("""COMPUTED_VALUE"""),"napastnik") -> napastnik | E16: =IFERROR(__xludf.DUMMYFUNCTION("""COMPUTED_VALUE"""),"Brazylia") -> Brazylia | F16: =IFERROR(__xludf.DUMMYFUNCTION("""COMPUTED_VALUE"""),36705.0) -> 36705 | G16: =IFERROR(__xludf.DUMMYFUNCTION("""COMPUTED_VALUE"""),25.0) -> 25 | H16: =IFERROR(__xludf.DUMMYFUNCTION("""COMPUTED_VALUE"""),4.0) -> 4
A17: 16 | B17: =IFERROR(__xludf.DUMMYFUNCTION("""COMPUTED_VALUE"""),8.0) -> 8 | C17: =IFERROR(__xludf.DUMMYFUNCTION("""COMPUTED_VALUE"""),"Scott McTominay") -> Scott McTominay | D17: =IFERROR(__xludf.DUMMYFUNCTION("""COMPUTED_VALUE"""),"pomocnik") -> pomocnik | E17: =IFERROR(__xludf.DUMMYFUNCTION("""COMPUTED_VALUE"""),"Szkocja /Anglia") -> Szkocja /Anglia | F17: =IFERROR(__xludf.DUMMYFUNCTION("""COMPUTED_VALUE"""),35407.0) -> 35407 | G17: =IFERROR(__xludf.DUMMYFUNCTION("""COMPUTED_VALUE"""),29.0) -> 29 | H17: =IFERROR(__xludf.DUMMYFUNCTION("""COMPUTED_VALUE"""),4.0) -> 4
A18: 17 | B18: =IFERROR(__xludf.DUMMYFUNCTION("""COMPUTED_VALUE"""),17.0) -> 17 | C18: =IFERROR(__xludf.DUMMYFUNCTION("""COMPUTED_VALUE"""),"Vitinha") -> Vitinha | D18: =IFERROR(__xludf.DUMMYFUNCTION("""COMPUTED_VALUE"""),"pomocnik") -> pomocnik | E18: =IFERROR(__xludf.DUMMYFUNCTION("""COMPUTED_VALUE"""),"Portugalia") -> Portugalia | F18: =IFERROR(__xludf.DUMMYFUNCTION("""COMPUTED_VALUE"""),36569.0) -> 36569 | G18: =IFERROR(__xludf.DUMMYFUNCTION("""COMPUTED_VALUE"""),25.0) -> 25 | H18: =IFERROR(__xludf.DUMMYFUNCTION("""COMPUTED_VALUE"""),4.0) -> 4
A19: 18 | B19: =IFERROR(__xludf.DUMMYFUNCTION("""COMPUTED_VALUE"""),97.0) -> 97 | C19: =IFERROR(__xludf.DUMMYFUNCTION("""COMPUTED_VALUE"""),"Luis Suárez") -> Luis Suárez | D19: =IFERROR(__xludf.DUMMYFUNCTION("""COMPUTED_VALUE"""),"napastnik") -> napastnik | E19: =IFERROR(__xludf.DUMMYFUNCTION("""COMPUTED_VALUE"""),"Kolumbia /Hiszpania") -> Kolumbia /Hiszpania | F19: =IFERROR(__xludf.DUMMYFUNCTION("""COMPUTED_VALUE"""),35766.0) -> 35766 | G19: =IFERROR(__xludf.DUMMYFUNCTION("""COMPUTED_VALUE"""),28.0) -> 28 | H19: =IFERROR(__xludf.DUMMYFUNCTION("""COMPUTED_VALUE"""),4.0) -> 4
A20: 19 | B20: =IFERROR(__xludf.DUMMYFUNCTION("""COMPUTED_VALUE"""),17.0) -> 17 | C20: =IFERROR(__xludf.DUMMYFUNCTION("""COMPUTED_VALUE"""),"Camilo Durán") -> Camilo Durán | D20: =IFERROR(__xludf.DUMMYFUNCTION("""COMPUTED_VALUE"""),"napastnik") -> napastnik | E20: =IFERROR(__xludf.DUMMYFUNCTION("""COMPUTED_VALUE"""),"Kolumbia") -> Kolumbia | F20: =IFERROR(__xludf.DUMMYFUNCTION("""COMPUTED_VALUE"""),37297.0) -> 37297 | G20: =IFERROR(__xludf.DUMMYFUNCTION("""COMPUTED_VALUE"""),23.0) -> 23 | H20: =IFERROR(__xludf.DUMMYFUNCTION("""COMPUTED_VALUE"""),4.0) -> 4
A21: 20 | B21: =IFERROR(__xludf.DUMMYFUNCTION("""COMPUTED_VALUE"""),10.0) -> 10 | C21: =IFERROR(__xludf.DUMMYFUNCTION("""COMPUTED_VALUE"""),"Oscar Gloukh") -> Oscar Gloukh | D21: =IFERROR(__xludf.DUMMYFUNCTION("""COMPUTED_VALUE"""),"pomocnik") -> pomocnik | E21: =IFERROR(__xludf.DUMMYFUNCTION("""COMPUTED_VALUE"""),"Izrael") -> Izrael | F21: =IFERROR(__xludf.DUMMYFUNCTION("""COMPUTED_VALUE"""),38078.0) -> 38078 | G21: =IFERROR(__xludf.DUMMYFUNCTION("""COMPUTED_VALUE"""),21.0) -> 21 | H21: =IFERROR(__xludf.DUMMYFUNCTION("""COMPUTED_VALUE"""),3.0) -> 3
A22: 21 | B22: =IFERROR(__xludf.DUMMYFUNCTION("""COMPUTED_VALUE"""),14.0) -> 14 | C22: =IFERROR(__xludf.DUMMYFUNCTION("""COMPUTED_VALUE"""),"Viktor Gyökeres") -> Viktor Gyökeres | D22: =IFERROR(__xludf.DUMMYFUNCTION("""COMPUTED_VALUE"""),"napastnik") -> napastnik | E22: =IFERROR(__xludf.DUMMYFUNCTION("""COMPUTED_VALUE"""),"Szwecja /Węgry") -> Szwecja /Węgry | F22: =IFERROR(__xludf.DUMMYFUNCTION("""COMPUTED_VALUE"""),35950.0) -> 35950 | G22: =IFERROR(__xludf.DUMMYFUNCTION("""COMPUTED_VALUE"""),27.0) -> 27 | H22: =IFERROR(__xludf.DUMMYFUNCTION("""COMPUTED_VALUE"""),3.0) -> 3
A23: 22 | B23: =IFERROR(__xludf.DUMMYFUNCTION("""COMPUTED_VALUE"""),20.0) -> 20 | C23: =IFERROR(__xludf.DUMMYFUNCTION("""COMPUTED_VALUE"""),"Noni Madueke") -> Noni Madueke | D23: =IFERROR(__xludf.DUMMYFUNCTION("""COMPUTED_VALUE"""),"napastnik") -> napastnik | E23: =IFERROR(__xludf.DUMMYFUNCTION("""COMPUTED_VALUE"""),"Anglia /Nigeria") -> Anglia /Nigeria | F23: =IFERROR(__xludf.DUMMYFUNCTION("""COMPUTED_VALUE"""),37325.0) -> 37325 | G23: =IFERROR(__xludf.DUMMYFUNCTION("""COMPUTED_VALUE"""),23.0) -> 23 | H23: =IFERROR(__xludf.DUMMYFUNCTION("""COMPUTED_VALUE"""),3.0) -> 3
A24: 23 | B24: =IFERROR(__xludf.DUMMYFUNCTION("""COMPUTED_VALUE"""),14.0) -> 14 | C24: =IFERROR(__xludf.DUMMYFUNCTION("""COMPUTED_VALUE"""),"Marcos Llorente") -> Marcos Llorente | D24: =IFERROR(__xludf.DUMMYFUNCTION("""COMPUTED_VALUE"""),"obrońca") -> obrońca | E24: =IFERROR(__xludf.DUMMYFUNCTION("""COMPUTED_VALUE"""),"Hiszpania") -> Hiszpania | F24: =IFERROR(__xludf.DUMMYFUNCTION("""COMPUTED_VALUE"""),34729.0) -> 34729 | G24: =IFERROR(__xludf.DUMMYFUNCTION("""COMPUTED_VALUE"""),30.0) -> 30 | H24: =IFERROR(__xludf.DUMMYFUNCTION("""COMPUTED_VALUE"""),3.0) -> 3
A25: 24 | B25: =IFERROR(__xludf.DUMMYFUNCTION("""COMPUTED_VALUE"""),8.0) -> 8 | C25: =IFERROR(__xludf.DUMMYFUNCTION("""COMPUTED_VALUE"""),"Felix Nmecha") -> Felix Nmecha | D25: =IFERROR(__xludf.DUMMYFUNCTION("""COMPUTED_VALUE"""),"pomocnik") -> pomocnik | E25: =IFERROR(__xludf.DUMMYFUNCTION("""COMPUTED_VALUE"""),"Niemcy /Anglia") -> Niemcy /Anglia | F25: =IFERROR(__xludf.DUMMYFUNCTION("""COMPUTED_VALUE"""),36809.0) -> 36809 | G25: =IFERROR(__xludf.DUMMYFUNCTION("""COMPUTED_VALUE"""),25.0) -> 25 | H25: =IFERROR(__xludf.DUMMYFUNCTION("""COMPUTED_VALUE"""),3.0) -> 3
A26: 25 | B26: =IFERROR(__xludf.DUMMYFUNCTION("""COMPUTED_VALUE"""),9.0) -> 9 | C26: =IFERROR(__xludf.DUMMYFUNCTION("""COMPUTED_VALUE"""),"Serhou Guirassy") -> Serhou Guirassy | D26: =IFERROR(__xludf.DUMMYFUNCTION("""COMPUTED_VALUE"""),"napastnik") -> napastnik | E26: =IFERROR(__xludf.DUMMYFUNCTION("""COMPUTED_VALUE"""),"Gwinea /Mali") -> Gwinea /Mali | F26: =IFERROR(__xludf.DUMMYFUNCTION("""COMPUTED_VALUE"""),35136.0) -> 35136 | G26: =IFERROR(__xludf.DUMMYFUNCTION("""COMPUTED_VALUE"""),29.0) -> 29 | H26: =IFERROR(__xludf.DUMMYFUNCTION("""COMPUTED_VALUE"""),3.0) -> 3
A27: 26 | B27: =IFERROR(__xludf.DUMMYFUNCTION("""COMPUTED_VALUE"""),10.0) -> 10 | C27: =IFERROR(__xludf.DUMMYFUNCTION("""COMPUTED_VALUE"""),"Julian Brandt") -> Julian Brandt | D27: =IFERROR(__xludf.DUMMYFUNCTION("""COMPUTED_VALUE"""),"pomocnik") -> pomocnik | E27: =IFERROR(__xludf.DUMMYFUNCTION("""COMPUTED_VALUE"""),"Niemcy") -> Niemcy | F27: =IFERROR(__xludf.DUMMYFUNCTION("""COMPUTED_VALUE"""),35187.0) -> 35187 | G27: =IFERROR(__xludf.DUMMYFUNCTION("""COMPUTED_VALUE"""),29.0) -> 29 | H27: =IFERROR(__xludf.DUMMYFUNCTION("""COMPUTED_VALUE"""),3.0) -> 3
A28: 27 | B28: =IFERROR(__xludf.DUMMYFUNCTION("""COMPUTED_VALUE"""),14.0) -> 14 | C28: =IFERROR(__xludf.DUMMYFUNCTION("""COMPUTED_VALUE"""),"Luis Díaz") -> Luis Díaz | D28: =IFERROR(__xludf.DUMMYFUNCTION("""COMPUTED_VALUE"""),"napastnik") -> napastnik | E28: =IFERROR(__xludf.DUMMYFUNCTION("""COMPUTED_VALUE"""),"Kolumbia") -> Kolumbia | F28: =IFERROR(__xludf.DUMMYFUNCTION("""COMPUTED_VALUE"""),35443.0) -> 35443 | G28: =IFERROR(__xludf.DUMMYFUNCTION("""COMPUTED_VALUE"""),29.0) -> 29 | H28: =IFERROR(__xludf.DUMMYFUNCTION("""COMPUTED_VALUE"""),3.0) -> 3
A29: 28 | B29: =IFERROR(__xludf.DUMMYFUNCTION("""COMPUTED_VALUE"""),42.0) -> 42 | C29: =IFERROR(__xludf.DUMMYFUNCTION("""COMPUTED_VALUE"""),"Lennart Karl") -> Lennart Karl | D29: =IFERROR(__xludf.DUMMYFUNCTION("""COMPUTED_VALUE"""),"pomocnik") -> pomocnik | E29: =IFERROR(__xludf.DUMMYFUNCTION("""COMPUTED_VALUE"""),"Niemcy") -> Niemcy | F29: =IFERROR(__xludf.DUMMYFUNCTION("""COMPUTED_VALUE"""),39500.0) -> 39500 | G29: =IFERROR(__xludf.DUMMYFUNCTION("""COMPUTED_VALUE"""),17.0) -> 17 | H29: =IFERROR(__xludf.DUMMYFUNCTION("""COMPUTED_VALUE"""),3.0) -> 3
A30: 29 | B30: =IFERROR(__xludf.DUMMYFUNCTION("""COMPUTED_VALUE"""),41.0) -> 41 | C30: =IFERROR(__xludf.DUMMYFUNCTION("""COMPUTED_VALUE"""),"Estêvão") -> Estêvão | D30: =IFERROR(__xludf.DUMMYFUNCTION("""COMPUTED_VALUE"""),"napastnik") -> napastnik | E30: =IFERROR(__xludf.DUMMYFUNCTION("""COMPUTED_VALUE"""),"Brazylia") -> Brazylia | F30: =IFERROR(__xludf.DUMMYFUNCTION("""COMPUTED_VALUE"""),39196.0) -> 39196 | G30: =IFERROR(__xludf.DUMMYFUNCTION("""COMPUTED_VALUE"""),18.0) -> 18 | H30: =IFERROR(__xludf.DUMMYFUNCTION("""COMPUTED_VALUE"""),3.0) -> 3
A31: 30 | B31: =IFERROR(__xludf.DUMMYFUNCTION("""COMPUTED_VALUE"""),11.0) -> 11 | C31: =IFERROR(__xludf.DUMMYFUNCTION("""COMPUTED_VALUE"""),"Jordan Larsson") -> Jordan Larsson | D31: =IFERROR(__xludf.DUMMYFUNCTION("""COMPUTED_VALUE"""),"napastnik") -> napastnik | E31: =IFERROR(__xludf.DUMMYFUNCTION("""COMPUTED_VALUE"""),"Szwecja /Curaçao") -> Szwecja /Curaçao | F31: =IFERROR(__xludf.DUMMYFUNCTION("""COMPUTED_VALUE"""),35601.0) -> 35601 | G31: =IFERROR(__xludf.DUMMYFUNCTION("""COMPUTED_VALUE"""),28.0) -> 28 | H31: =IFERROR(__xludf.DUMMYFUNCTION("""COMPUTED_VALUE"""),3.0) -> 3
A32: 31 | B32: =IFERROR(__xludf.DUMMYFUNCTION("""COMPUTED_VALUE"""),9.0) -> 9 | C32: =IFERROR(__xludf.DUMMYFUNCTION("""COMPUTED_VALUE"""),"Jonathan Burkardt") -> Jonathan Burkardt | D32: =IFERROR(__xludf.DUMMYFUNCTION("""COMPUTED_VALUE"""),"napastnik") -> napastnik | E32: =IFERROR(__xludf.DUMMYFUNCTION("""COMPUTED_VALUE"""),"Niemcy") -> Niemcy | F32: =IFERROR(__xludf.DUMMYFUNCTION("""COMPUTED_VALUE"""),36718.0) -> 36718 | G32: =IFERROR(__xludf.DUMMYFUNCTION("""COMPUTED_VALUE"""),25.0) -> 25 | H32: =IFERROR(__xludf.DUMMYFUNCTION("""COMPUTED_VALUE"""),3.0) -> 3
A33: 32 | B33: =IFERROR(__xludf.DUMMYFUNCTION("""COMPUTED_VALUE"""),9.0) -> 9 | C33: =IFERROR(__xludf.DUMMYFUNCTION("""COMPUTED_VALUE"""),"Dušan Vlahović") -> Dušan Vlahović | D33: =IFERROR(__xludf.DUMMYFUNCTION("""COMPUTED_VALUE"""),"napastnik") -> napastnik | E33: =IFERROR(__xludf.DUMMYFUNCTION("""COMPUTED_VALUE"""),"Serbia") -> Serbia | F33: =IFERROR(__xludf.DUMMYFUNCTION("""COMPUTED_VALUE"""),36553.0) -> 36553 | G33: =IFERROR(__xludf.DUMMYFUNCTION("""COMPUTED_VALUE"""),26.0) -> 26 | H33: =IFERROR(__xludf.DUMMYFUNCTION("""COMPUTED_VALUE"""),3.0) -> 3
A34: 33 | B34: =IFERROR(__xludf.DUMMYFUNCTION("""COMPUTED_VALUE"""),22.0) -> 22 | C34: =IFERROR(__xludf.DUMMYFUNCTION("""COMPUTED_VALUE"""),"Weston McKennie") -> Weston McKennie | D34: =IFERROR(__xludf.DUMMYFUNCTION("""COMPUTED_VALUE"""),"pomocnik") -> pomocnik | E34: =IFERROR(__xludf.DUMMYFUNCTION("""COMPUTED_VALUE"""),"USA") -> USA | F34: =IFERROR(__xludf.DUMMYFUNCTION("""COMPUTED_VALUE"""),36035.0) -> 36035 | G34: =IFERROR(__xludf.DUMMYFUNCTION("""COMPUTED_VALUE"""),27.0) -> 27 | H34: =IFERROR(__xludf.DUMMYFUNCTION("""COMPUTED_VALUE"""),3.0) -> 3
A35: 34 | B35: =IFERROR(__xludf.DUMMYFUNCTION("""COMPUTED_VALUE"""),20.0) -> 20 | C35: =IFERROR(__xludf.DUMMYFUNCTION("""COMPUTED_VALUE"""),"Alejandro Grimaldo") -> Alejandro Grimaldo | D35: =IFERROR(__xludf.DUMMYFUNCTION("""COMPUTED_VALUE"""),"obrońca") -> obrońca | E35: =IFERROR(__xludf.DUMMYFUNCTION("""COMPUTED_VALUE"""),"Hiszpania") -> Hiszpania | F35: =IFERROR(__xludf.DUMMYFUNCTION("""COMPUTED_VALUE"""),34962.0) -> 34962 | G35: =IFERROR(__xludf.DUMMYFUNCTION("""COMPUTED_VALUE"""),30.0) -> 30 | H35: =IFERROR(__xludf.DUMMYFUNCTION("""COMPUTED_VALUE"""),3.0) -> 3
A36: 35 | B36: =IFERROR(__xludf.DUMMYFUNCTION("""COMPUTED_VALUE"""),10.0) -> 10 | C36: =IFERROR(__xludf.DUMMYFUNCTION("""COMPUTED_VALUE"""),"Mason Greenwood") -> Mason Greenwood | D36: =IFERROR(__xludf.DUMMYFUNCTION("""COMPUTED_VALUE"""),"napastnik") -> napastnik | E36: =IFERROR(__xludf.DUMMYFUNCTION("""COMPUTED_VALUE"""),"Anglia") -> Anglia | F36: =IFERROR(__xludf.DUMMYFUNCTION("""COMPUTED_VALUE"""),37165.0) -> 37165 | G36: =IFERROR(__xludf.DUMMYFUNCTION("""COMPUTED_VALUE"""),24.0) -> 24 | H36: =IFERROR(__xludf.DUMMYFUNCTION("""COMPUTED_VALUE"""),3.0) -> 3
A37: 36 | B37: =IFERROR(__xludf.DUMMYFUNCTION("""COMPUTED_VALUE"""),97.0) -> 97 | C37: =IFERROR(__xludf.DUMMYFUNCTION("""COMPUTED_VALUE"""),"Pierre-Emerick Aubameyang") -> Pierre-Emerick Aubameyang | D37: =IFERROR(__xludf.DUMMYFUNCTION("""COMPUTED_VALUE"""),"napastnik") -> napastnik | E37: =IFERROR(__xludf.DUMMYFUNCTION("""COMPUTED_VALUE"""),"Gabon /Francja") -> Gabon /Francja | F37: =IFERROR(__xludf.DUMMYFUNCTION("""COMPUTED_VALUE"""),32677.0) -> 32677 | G37: =IFERROR(__xludf.DUMMYFUNCTION("""COMPUTED_VALUE"""),36.0) -> 36 | H37: =IFERROR(__xludf.DUMMYFUNCTION("""COMPUTED_VALUE"""),3.0) -> 3
A38: 37 | B38: =IFERROR(__xludf.DUMMYFUNCTION("""COMPUTED_VALUE"""),9.0) -> 9 | C38: =IFERROR(__xludf.DUMMYFUNCTION("""COMPUTED_VALUE"""),"Folarin Balogun") -> Folarin Balogun | D38: =IFERROR(__xludf.DUMMYFUNCTION("""COMPUTED_VALUE"""),"napastnik") -> napastnik | E38: =IFERROR(__xludf.DUMMYFUNCTION("""COMPUTED_VALUE"""),"USA /Anglia") -> USA /Anglia | F38: =IFERROR(__xludf.DUMMYFUNCTION("""COMPUTED_VALUE"""),37075.0) -> 37075 | G38: =IFERROR(__xludf.DUMMYFUNCTION("""COMPUTED_VALUE"""),24.0) -> 24 | H38: =IFERROR(__xludf.DUMMYFUNCTION("""COMPUTED_VALUE"""),3.0) -> 3
A39: 38 | B39: =IFERROR(__xludf.DUMMYFUNCTION("""COMPUTED_VALUE"""),7.0) -> 7 | C39: =IFERROR(__xludf.DUMMYFUNCTION("""COMPUTED_VALUE"""),"Chwicza Kwaracchelia") -> Chwicza Kwaracchelia | D39: =IFERROR(__xludf.DUMMYFUNCTION("""COMPUTED_VALUE"""),"napastnik") -> napastnik | E39: =IFERROR(__xludf.DUMMYFUNCTION("""COMPUTED_VALUE"""),"Gruzja") -> Gruzja | F39: =IFERROR(__xludf.DUMMYFUNCTION("""COMPUTED_VALUE"""),36934.0) -> 36934 | G39: =IFERROR(__xludf.DUMMYFUNCTION("""COMPUTED_VALUE"""),24.0) -> 24 | H39: =IFERROR(__xludf.DUMMYFUNCTION("""COMPUTED_VALUE"""),3.0) -> 3
A40: 39 | B40: =IFERROR(__xludf.DUMMYFUNCTION("""COMPUTED_VALUE"""),9.0) -> 9 | C40: =IFERROR(__xludf.DUMMYFUNCTION("""COMPUTED_VALUE"""),"Ricardo Pepi") -> Ricardo Pepi | D40: =IFERROR(__xludf.DUMMYFUNCTION("""COMPUTED_VALUE"""),"napastnik") -> napastnik | E40: =IFERROR(__xludf.DUMMYFUNCTION("""COMPUTED_VALUE"""),"USA /Meksyk") -> USA /Meksyk | F40: =IFERROR(__xludf.DUMMYFUNCTION("""COMPUTED_VALUE"""),37630.0) -> 37630 | G40: =IFERROR(__xludf.DUMMYFUNCTION("""COMPUTED_VALUE"""),23.0) -> 23 | H40: =IFERROR(__xludf.DUMMYFUNCTION("""COMPUTED_VALUE"""),3.0) -> 3
A41: 40 | B41: =IFERROR(__xludf.DUMMYFUNCTION("""COMPUTED_VALUE"""),11.0) -> 11 | C41: =IFERROR(__xludf.DUMMYFUNCTION("""COMPUTED_VALUE"""),"Couhaib Driouech") -> Couhaib Driouech | D41: =IFERROR(__xludf.DUMMYFUNCTION("""COMPUTED_VALUE"""),"napastnik") -> napastnik | E41: =IFERROR(__xludf.DUMMYFUNCTION("""COMPUTED_VALUE"""),"Maroko /Holandia") -> Maroko /Holandia | F41: =IFERROR(__xludf.DUMMYFUNCTION("""COMPUTED_VALUE"""),37363.0) -> 37363 | G41: =IFERROR(__xludf.DUMMYFUNCTION("""COMPUTED_VALUE"""),23.0) -> 23 | H41: =IFERROR(__xludf.DUMMYFUNCTION("""COMPUTED_VALUE"""),3.0) -> 3
A42: 41 | B42: =IFERROR(__xludf.DUMMYFUNCTION("""COMPUTED_VALUE"""),17.0) -> 17 | C42: =IFERROR(__xludf.DUMMYFUNCTION("""COMPUTED_VALUE"""),"Francisco Trincão") -> Francisco Trincão | D42: =IFERROR(__xludf.DUMMYFUNCTION("""COMPUTED_VALUE"""),"napastnik") -> napastnik | E42: =IFERROR(__xludf.DUMMYFUNCTION("""COMPUTED_VALUE"""),"Portugalia") -> Portugalia | F42: =IFERROR(__xludf.DUMMYFUNCTION("""COMPUTED_VALUE"""),36523.0) -> 36523 | G42: =IFERROR(__xludf.DUMMYFUNCTION("""COMPUTED_VALUE"""),26.0) -> 26 | H42: =IFERROR(__xludf.DUMMYFUNCTION("""COMPUTED_VALUE"""),3.0) -> 3
A43: 42 | B43: =IFERROR(__xludf.DUMMYFUNCTION("""COMPUTED_VALUE"""),15.0) -> 15 | C43: =IFERROR(__xludf.DUMMYFUNCTION("""COMPUTED_VALUE"""),"Leandro Andrade") -> Leandro Andrade | D43: =IFERROR(__xludf.DUMMYFUNCTION("""COMPUTED_VALUE"""),"napastnik") -> napastnik | E43: =IFERROR(__xludf.DUMMYFUNCTION("""COMPUTED_VALUE"""),"Republika Zielonego Przylądka /Portugalia") -> Republika Zielonego Przylądka /Portugalia | F43: =IFERROR(__xludf.DUMMYFUNCTION("""COMPUTED_VALUE"""),36427.0) -> 36427 | G43: =IFERROR(__xludf.DUMMYFUNCTION("""COMPUTED_VALUE"""),26.0) -> 26 | H43: =IFERROR(__xludf.DUMMYFUNCTION("""COMPUTED_VALUE"""),3.0) -> 3
A44: 43 | B44: =IFERROR(__xludf.DUMMYFUNCTION("""COMPUTED_VALUE"""),7.0) -> 7 | C44: =IFERROR(__xludf.DUMMYFUNCTION("""COMPUTED_VALUE"""),"Bukayo Saka") -> Bukayo Saka | D44: =IFERROR(__xludf.DUMMYFUNCTION("""COMPUTED_VALUE"""),"napastnik") -> napastnik | E44: =IFERROR(__xludf.DUMMYFUNCTION("""COMPUTED_VALUE"""),"Anglia /Nigeria") -> Anglia /Nigeria | F44: =IFERROR(__xludf.DUMMYFUNCTION("""COMPUTED_VALUE"""),37139.0) -> 37139 | G44: =IFERROR(__xludf.DUMMYFUNCTION("""COMPUTED_VALUE"""),24.0) -> 24 | H44: =IFERROR(__xludf.DUMMYFUNCTION("""COMPUTED_VALUE"""),2.0) -> 2
A45: 44 | B45: =IFERROR(__xludf.DUMMYFUNCTION("""COMPUTED_VALUE"""),9.0) -> 9 | C45: =IFERROR(__xludf.DUMMYFUNCTION("""COMPUTED_VALUE"""),"Gabriel Jesus") -> Gabriel Jesus | D45: =IFERROR(__xludf.DUMMYFUNCTION("""COMPUTED_VALUE"""),"napastnik") -> napastnik | E45: =IFERROR(__xludf.DUMMYFUNCTION("""COMPUTED_VALUE"""),"Brazylia") -> Brazylia | F45: =IFERROR(__xludf.DUMMYFUNCTION("""COMPUTED_VALUE"""),35523.0) -> 35523 | G45: =IFERROR(__xludf.DUMMYFUNCTION("""COMPUTED_VALUE"""),28.0) -> 28 | H45: =IFERROR(__xludf.DUMMYFUNCTION("""COMPUTED_VALUE"""),2.0) -> 2
A46: 45 | B46: =IFERROR(__xludf.DUMMYFUNCTION("""COMPUTED_VALUE"""),23.0) -> 23 | C46: =IFERROR(__xludf.DUMMYFUNCTION("""COMPUTED_VALUE"""),"Mikel Merino") -> Mikel Merino | D46: =IFERROR(__xludf.DUMMYFUNCTION("""COMPUTED_VALUE"""),"pomocnik") -> pomocnik | E46: =IFERROR(__xludf.DUMMYFUNCTION("""COMPUTED_VALUE"""),"Hiszpania") -> Hiszpania | F46: =IFERROR(__xludf.DUMMYFUNCTION("""COMPUTED_VALUE"""),35238.0) -> 35238 | G46: =IFERROR(__xludf.DUMMYFUNCTION("""COMPUTED_VALUE"""),29.0) -> 29 | H46: =IFERROR(__xludf.DUMMYFUNCTION("""COMPUTED_VALUE"""),2.0) -> 2
A47: 46 | B47: =IFERROR(__xludf.DUMMYFUNCTION("""COMPUTED_VALUE"""),9.0) -> 9 | C47: =IFERROR(__xludf.DUMMYFUNCTION("""COMPUTED_VALUE"""),"Gianluca Scamacca") -> Gianluca Scamacca | D47: =IFERROR(__xludf.DUMMYFUNCTION("""COMPUTED_VALUE"""),"napastnik") -> napastnik | E47: =IFERROR(__xludf.DUMMYFUNCTION("""COMPUTED_VALUE"""),"Włochy") -> Włochy | F47: =IFERROR(__xludf.DUMMYFUNCTION("""COMPUTED_VALUE"""),36161.0) -> 36161 | G47: =IFERROR(__xludf.DUMMYFUNCTION("""COMPUTED_VALUE"""),27.0) -> 27 | H47: =IFERROR(__xludf.DUMMYFUNCTION("""COMPUTED_VALUE"""),2.0) -> 2
A48: 47 | B48: =IFERROR(__xludf.DUMMYFUNCTION("""COMPUTED_VALUE"""),10.0) -> 10 | C48: =IFERROR(__xludf.DUMMYFUNCTION("""COMPUTED_VALUE"""),"Lazar Samardžić") -> Lazar Samardžić | D48: =IFERROR(__xludf.DUMMYFUNCTION("""COMPUTED_VALUE"""),"pomocnik") -> pomocnik | E48: =IFERROR(__xludf.DUMMYFUNCTION("""COMPUTED_VALUE"""),"Serbia /Niemcy") -> Serbia /Niemcy | F48: =IFERROR(__xludf.DUMMYFUNCTION("""COMPUTED_VALUE"""),37311.0) -> 37311 | G48: =IFERROR(__xludf.DUMMYFUNCTION("""COMPUTED_VALUE"""),23.0) -> 23 | H48: =IFERROR(__xludf.DUMMYFUNCTION("""COMPUTED_VALUE"""),2.0) -> 2
A49: 48 | B49: =IFERROR(__xludf.DUMMYFUNCTION("""COMPUTED_VALUE"""),17.0) -> 17 | C49: =IFERROR(__xludf.DUMMYFUNCTION("""COMPUTED_VALUE"""),"Charles De Keteleare") -> Charles De Keteleare | D49: =IFERROR(__xludf.DUMMYFUNCTION("""COMPUTED_VALUE"""),"pomocnik") -> pomocnik | E49: =IFERROR(__xludf.DUMMYFUNCTION("""COMPUTED_VALUE"""),"Belgia") -> Belgia | F49: =IFERROR(__xludf.DUMMYFUNCTION("""COMPUTED_VALUE"""),36960.0) -> 36960 | G49: =IFERROR(__xludf.DUMMYFUNCTION("""COMPUTED_VALUE"""),24.0) -> 24 | H49: =IFERROR(__xludf.DUMMYFUNCTION("""COMPUTED_VALUE"""),2.0) -> 2
A50: 49 | B50: =IFERROR(__xludf.DUMMYFUNCTION("""COMPUTED_VALUE"""),23.0) -> 23 | C50: =IFERROR(__xludf.DUMMYFUNCTION("""COMPUTED_VALUE"""),"Robert Navarro") -> Robert Navarro | D50: =IFERROR(__xludf.DUMMYFUNCTION("""COMPUTED_VALUE"""),"pomocnik") -> pomocnik | E50: =IFERROR(__xludf.DUMMYFUNCTION("""COMPUTED_VALUE"""),"Hiszpania") -> Hiszpania | F50: =IFERROR(__xludf.DUMMYFUNCTION("""COMPUTED_VALUE"""),37358.0) -> 37358 | G50: =IFERROR(__xludf.DUMMYFUNCTION("""COMPUTED_VALUE"""),23.0) -> 23 | H50: =IFERROR(__xludf.DUMMYFUNCTION("""COMPUTED_VALUE"""),2.0) -> 2
A51: 50 | B51: =IFERROR(__xludf.DUMMYFUNCTION("""COMPUTED_VALUE"""),20.0) -> 20 | C51: =IFERROR(__xludf.DUMMYFUNCTION("""COMPUTED_VALUE"""),"Giuliano Simeone") -> Giuliano Simeone | D51: =IFERROR(__xludf.DUMMYFUNCTION("""COMPUTED_VALUE"""),"napastnik") -> napastnik | E51: =IFERROR(__xludf.DUMMYFUNCTION("""COMPUTED_VALUE"""),"Argentyna /Włochy") -> Argentyna /Włochy | F51: =IFERROR(__xludf.DUMMYFUNCTION("""COMPUTED_VALUE"""),37608.0) -> 37608 | G51: =IFERROR(__xludf.DUMMYFUNCTION("""COMPUTED_VALUE"""),23.0) -> 23 | H51: =IFERROR(__xludf.DUMMYFUNCTION("""COMPUTED_VALUE"""),2.0) -> 2
A52: 51 | B52: =IFERROR(__xludf.DUMMYFUNCTION("""COMPUTED_VALUE"""),5.0) -> 5 | C52: =IFERROR(__xludf.DUMMYFUNCTION("""COMPUTED_VALUE"""),"Ramy Bensebaini") -> Ramy Bensebaini | D52: =IFERROR(__xludf.DUMMYFUNCTION("""COMPUTED_VALUE"""),"obrońca") -> obrońca | E52: =IFERROR(__xludf.DUMMYFUNCTION("""COMPUTED_VALUE"""),"Algieria") -> Algieria | F52: =IFERROR(__xludf.DUMMYFUNCTION("""COMPUTED_VALUE"""),34805.0) -> 34805 | G52: =IFERROR(__xludf.DUMMYFUNCTION("""COMPUTED_VALUE"""),30.0) -> 30 | H52: =IFERROR(__xludf.DUMMYFUNCTION("""COMPUTED_VALUE"""),2.0) -> 2
A53: 52 | B53: =IFERROR(__xludf.DUMMYFUNCTION("""COMPUTED_VALUE"""),24.0) -> 24 | C53: =IFERROR(__xludf.DUMMYFUNCTION("""COMPUTED_VALUE"""),"Daniel Svensson") -> Daniel Svensson | D53: =IFERROR(__xludf.DUMMYFUNCTION("""COMPUTED_VALUE"""),"obrońca") -> obrońca | E53: =IFERROR(__xludf.DUMMYFUNCTION("""COMPUTED_VALUE"""),"Szwecja") -> Szwecja | F53: =IFERROR(__xludf.DUMMYFUNCTION("""COMPUTED_VALUE"""),37299.0) -> 37299 | G53: =IFERROR(__xludf.DUMMYFUNCTION("""COMPUTED_VALUE"""),23.0) -> 23 | H53: =IFERROR(__xludf.DUMMYFUNCTION("""COMPUTED_VALUE"""),2.0) -> 2
A54: 53 | B54: =IFERROR(__xludf.DUMMYFUNCTION("""COMPUTED_VALUE"""),27.0) -> 27 | C54: =IFERROR(__xludf.DUMMYFUNCTION("""COMPUTED_VALUE"""),"Karim Adeyemi") -> Karim Adeyemi | D54: =IFERROR(__xludf.DUMMYFUNCTION("""COMPUTED_VALUE"""),"napastnik") -> napastnik | E54: =IFERROR(__xludf.DUMMYFUNCTION("""COMPUTED_VALUE"""),"Niemcy /Nigeria") -> Niemcy /Nigeria | F54: =IFERROR(__xludf.DUMMYFUNCTION("""COMPUTED_VALUE"""),37274.0) -> 37274 | G54: =IFERROR(__xludf.DUMMYFUNCTION("""COMPUTED_VALUE"""),24.0) -> 24 | H54: =IFERROR(__xludf.DUMMYFUNCTION("""COMPUTED_VALUE"""),2.0) -> 2
A55: 54 | B55: =IFERROR(__xludf.DUMMYFUNCTION("""COMPUTED_VALUE"""),7.0) -> 7 | C55: =IFERROR(__xludf.DUMMYFUNCTION("""COMPUTED_VALUE"""),"Ferran Torres") -> Ferran Torres | D55: =IFERROR(__xludf.DUMMYFUNCTION("""COMPUTED_VALUE"""),"napastnik") -> napastnik | E55: =IFERROR(__xludf.DUMMYFUNCTION("""COMPUTED_VALUE"""),"Hiszpania") -> Hiszpania | F55: =IFERROR(__xludf.DUMMYFUNCTION("""COMPUTED_VALUE"""),36585.0) -> 36585 | G55: =IFERROR(__xludf.DUMMYFUNCTION("""COMPUTED_VALUE"""),25.0) -> 25 | H55: =IFERROR(__xludf.DUMMYFUNCTION("""COMPUTED_VALUE"""),2.0) -> 2
A56: 55 | B56: =IFERROR(__xludf.DUMMYFUNCTION("""COMPUTED_VALUE"""),10.0) -> 10 | C56: =IFERROR(__xludf.DUMMYFUNCTION("""COMPUTED_VALUE"""),"Lamine Yamal") -> Lamine Yamal | D56: =IFERROR(__xludf.DUMMYFUNCTION("""COMPUTED_VALUE"""),"napastnik") -> napastnik | E56: =IFERROR(__xludf.DUMMYFUNCTION("""COMPUTED_VALUE"""),"Hiszpania /Gwinea Równikowa") -> Hiszpania /Gwinea Równikowa | F56: =IFERROR(__xludf.DUMMYFUNCTION("""COMPUTED_VALUE"""),39276.0) -> 39276 | G56: =IFERROR(__xludf.DUMMYFUNCTION("""COMPUTED_VALUE"""),18.0) -> 18 | H56: =IFERROR(__xludf.DUMMYFUNCTION("""COMPUTED_VALUE"""),2.0) -> 2
A57: 56 | B57: =IFERROR(__xludf.DUMMYFUNCTION("""COMPUTED_VALUE"""),23.0) -> 23 | C57: =IFERROR(__xludf.DUMMYFUNCTION("""COMPUTED_VALUE"""),"Jules Koundé") -> Jules Koundé | D57: =IFERROR(__xludf.DUMMYFUNCTION("""COMPUTED_VALUE"""),"obrońca") -> obrońca | E57: =IFERROR(__xludf.DUMMYFUNCTION("""COMPUTED_VALUE"""),"Francja /Benin") -> Francja /Benin | F57: =IFERROR(__xludf.DUMMYFUNCTION("""COMPUTED_VALUE"""),36111.0) -> 36111 | G57: =IFERROR(__xludf.DUMMYFUNCTION("""COMPUTED_VALUE"""),27.0) -> 27 | H57: =IFERROR(__xludf.DUMMYFUNCTION("""COMPUTED_VALUE"""),2.0) -> 2
A58: 57 | B58: =IFERROR(__xludf.DUMMYFUNCTION("""COMPUTED_VALUE"""),11.0) -> 11 | C58: =IFERROR(__xludf.DUMMYFUNCTION("""COMPUTED_VALUE"""),"Nicolas Jackson") -> Nicolas Jackson | D58: =IFERROR(__xludf.DUMMYFUNCTION("""COMPUTED_VALUE"""),"napastnik") -> napastnik | E58: =IFERROR(__xludf.DUMMYFUNCTION("""COMPUTED_VALUE"""),"Senegal /Gambia") -> Senegal /Gambia | F58: =IFERROR(__xludf.DUMMYFUNCTION("""COMPUTED_VALUE"""),37062.0) -> 37062 | G58: =IFERROR(__xludf.DUMMYFUNCTION("""COMPUTED_VALUE"""),24.0) -> 24 | H58: =IFERROR(__xludf.DUMMYFUNCTION("""COMPUTED_VALUE"""),2.0) -> 2
A59: 58 | B59: =IFERROR(__xludf.DUMMYFUNCTION("""COMPUTED_VALUE"""),18.0) -> 18 | C59: =IFERROR(__xludf.DUMMYFUNCTION("""COMPUTED_VALUE"""),"Leandro Barreiro") -> Leandro Barreiro | D59: =IFERROR(__xludf.DUMMYFUNCTION("""COMPUTED_VALUE"""),"pomocnik") -> pomocnik | E59: =IFERROR(__xludf.DUMMYFUNCTION("""COMPUTED_VALUE"""),"Luksemburg /Portugalia") -> Luksemburg /Portugalia | F59: =IFERROR(__xludf.DUMMYFUNCTION("""COMPUTED_VALUE"""),36528.0) -> 36528 | G59: =IFERROR(__xludf.DUMMYFUNCTION("""COMPUTED_VALUE"""),26.0) -> 26 | H59: =IFERROR(__xludf.DUMMYFUNCTION("""COMPUTED_VALUE"""),2.0) -> 2
A60: 59 | B60: =IFERROR(__xludf.DUMMYFUNCTION("""COMPUTED_VALUE"""),9.0) -> 9 | C60: =IFERROR(__xludf.DUMMYFUNCTION("""COMPUTED_VALUE"""),"Kasper Høgh") -> Kasper Høgh | D60: =IFERROR(__xludf.DUMMYFUNCTION("""COMPUTED_VALUE"""),"napastnik") -> napastnik | E60: =IFERROR(__xludf.DUMMYFUNCTION("""COMPUTED_VALUE"""),"Dania") -> Dania | F60: =IFERROR(__xludf.DUMMYFUNCTION("""COMPUTED_VALUE"""),36866.0) -> 36866 | G60: =IFERROR(__xludf.DUMMYFUNCTION("""COMPUTED_VALUE"""),25.0) -> 25 | H60: =IFERROR(__xludf.DUMMYFUNCTION("""COMPUTED_VALUE"""),2.0) -> 2
A61: 60 | B61: =IFERROR(__xludf.DUMMYFUNCTION("""COMPUTED_VALUE"""),19.0) -> 19 | C61: =IFERROR(__xludf.DUMMYFUNCTION("""COMPUTED_VALUE"""),"Sondre Brunstad Fet") -> Sondre Brunstad Fet | D61: =IFERROR(__xludf.DUMMYFUNCTION("""COMPUTED_VALUE"""),"pomocnik") -> pomocnik | E61: =IFERROR(__xludf.DUMMYFUNCTION("""COMPUTED_VALUE"""),"Norwegia") -> Norwegia | F61: =IFERROR(__xludf.DUMMYFUNCTION("""COMPUTED_VALUE"""),35447.0) -> 35447 | G61: =IFERROR(__xludf.DUMMYFUNCTION("""COMPUTED_VALUE"""),29.0) -> 29 | H61: =IFERROR(__xludf.DUMMYFUNCTION("""COMPUTED_VALUE"""),2.0) -> 2
A62: 61 | B62: =IFERROR(__xludf.DUMMYFUNCTION("""COMPUTED_VALUE"""),25.0) -> 25 | C62: =IFERROR(__xludf.DUMMYFUNCTION("""COMPUTED_VALUE"""),"Moisés Caicedo") -> Moisés Caicedo | D62: =IFERROR(__xludf.DUMMYFUNCTION("""COMPUTED_VALUE"""),"pomocnik") -> pomocnik | E62: =IFERROR(__xludf.DUMMYFUNCTION("""COMPUTED_VALUE"""),"Ekwador") -> Ekwador | F62: =IFERROR(__xludf.DUMMYFUNCTION("""COMPUTED_VALUE"""),37197.0) -> 37197 | G62: =IFERROR(__xludf.DUMMYFUNCTION("""COMPUTED_VALUE"""),24.0) -> 24 | H62: =IFERROR(__xludf.DUMMYFUNCTION("""COMPUTED_VALUE"""),2.0) -> 2
A63: 62 | B63: =IFERROR(__xludf.DUMMYFUNCTION("""COMPUTED_VALUE"""),7.0) -> 7 | C63: =IFERROR(__xludf.DUMMYFUNCTION("""COMPUTED_VALUE"""),"Nicolò Tresoldi") -> Nicolò Tresoldi | D63: =IFERROR(__xludf.DUMMYFUNCTION("""COMPUTED_VALUE"""),"napastnik") -> napastnik | E63: =IFERROR(__xludf.DUMMYFUNCTION("""COMPUTED_VALUE"""),"Niemcy /Włochy") -> Niemcy /Włochy | F63: =IFERROR(__xludf.DUMMYFUNCTION("""COMPUTED_VALUE"""),38219.0) -> 38219 | G63: =IFERROR(__xludf.DUMMYFUNCTION("""COMPUTED_VALUE"""),21.0) -> 21 | H63: =IFERROR(__xludf.DUMMYFUNCTION("""COMPUTED_VALUE"""),2.0) -> 2
A64: 63 | B64: =IFERROR(__xludf.DUMMYFUNCTION("""COMPUTED_VALUE"""),9.0) -> 9 | C64: =IFERROR(__xludf.DUMMYFUNCTION("""COMPUTED_VALUE"""),"Carlos Forbs") -> Carlos Forbs | D64: =IFERROR(__xludf.DUMMYFUNCTION("""COMPUTED_VALUE"""),"napastnik") -> napastnik | E64: =IFERROR(__xludf.DUMMYFUNCTION("""COMPUTED_VALUE"""),"Portugalia /Gwinea Bissau") -> Portugalia /Gwinea Bissau | F64: =IFERROR(__xludf.DUMMYFUNCTION("""COMPUTED_VALUE"""),38065.0) -> 38065 | G64: =IFERROR(__xludf.DUMMYFUNCTION("""COMPUTED_VALUE"""),21.0) -> 21 | H64: =IFERROR(__xludf.DUMMYFUNCTION("""COMPUTED_VALUE"""),2.0) -> 2
A65: 64 | B65: =IFERROR(__xludf.DUMMYFUNCTION("""COMPUTED_VALUE"""),20.0) -> 20 | C65: =IFERROR(__xludf.DUMMYFUNCTION("""COMPUTED_VALUE"""),"Hans Vanaken") -> Hans Vanaken | D65: =IFERROR(__xludf.DUMMYFUNCTION("""COMPUTED_VALUE"""),"pomocnik") -> pomocnik | E65: =IFERROR(__xludf.DUMMYFUNCTION("""COMPUTED_VALUE"""),"Belgia") -> Belgia | F65: =IFERROR(__xludf.DUMMYFUNCTION("""COMPUTED_VALUE"""),33840.0) -> 33840 | G65: =IFERROR(__xludf.DUMMYFUNCTION("""COMPUTED_VALUE"""),33.0) -> 33 | H65: =IFERROR(__xludf.DUMMYFUNCTION("""COMPUTED_VALUE"""),2.0) -> 2
A66: 65 | B66: =IFERROR(__xludf.DUMMYFUNCTION("""COMPUTED_VALUE"""),16.0) -> 16 | C66: =IFERROR(__xludf.DUMMYFUNCTION("""COMPUTED_VALUE"""),"Robert") -> Robert | D66: =IFERROR(__xludf.DUMMYFUNCTION("""COMPUTED_VALUE"""),"napastnik") -> napastnik | E66: =IFERROR(__xludf.DUMMYFUNCTION("""COMPUTED_VALUE"""),"Brazylia") -> Brazylia | F66: =IFERROR(__xludf.DUMMYFUNCTION("""COMPUTED_VALUE"""),38455.0) -> 38455 | G66: =IFERROR(__xludf.DUMMYFUNCTION("""COMPUTED_VALUE"""),20.0) -> 20 | H66: =IFERROR(__xludf.DUMMYFUNCTION("""COMPUTED_VALUE"""),2.0) -> 2
A67: 66 | B67: =IFERROR(__xludf.DUMMYFUNCTION("""COMPUTED_VALUE"""),39.0) -> 39 | C67: =IFERROR(__xludf.DUMMYFUNCTION("""COMPUTED_VALUE"""),"Viktor Daðason") -> Viktor Daðason | D67: =IFERROR(__xludf.DUMMYFUNCTION("""COMPUTED_VALUE"""),"napastnik") -> napastnik | E67: =IFERROR(__xludf.DUMMYFUNCTION("""COMPUTED_VALUE"""),"Islandia") -> Islandia | F67: =IFERROR(__xludf.DUMMYFUNCTION("""COMPUTED_VALUE"""),39629.0) -> 39629 | G67: =IFERROR(__xludf.DUMMYFUNCTION("""COMPUTED_VALUE"""),17.0) -> 17 | H67: =IFERROR(__xludf.DUMMYFUNCTION("""COMPUTED_VALUE"""),2.0) -> 2
A68: 67 | B68: =IFERROR(__xludf.DUMMYFUNCTION("""COMPUTED_VALUE"""),7.0) -> 7 | C68: =IFERROR(__xludf.DUMMYFUNCTION("""COMPUTED_VALUE"""),"Ansgar Knauff") -> Ansgar Knauff | D68: =IFERROR(__xludf.DUMMYFUNCTION("""COMPUTED_VALUE"""),"napastnik") -> napastnik | E68: =IFERROR(__xludf.DUMMYFUNCTION("""COMPUTED_VALUE"""),"Niemcy /Ghana") -> Niemcy /Ghana | F68: =IFERROR(__xludf.DUMMYFUNCTION("""COMPUTED_VALUE"""),37266.0) -> 37266 | G68: =IFERROR(__xludf.DUMMYFUNCTION("""COMPUTED_VALUE"""),24.0) -> 24 | H68: =IFERROR(__xludf.DUMMYFUNCTION("""COMPUTED_VALUE"""),2.0) -> 2
A69: 68 | B69: =IFERROR(__xludf.DUMMYFUNCTION("""COMPUTED_VALUE"""),42.0) -> 42 | C69: =IFERROR(__xludf.DUMMYFUNCTION("""COMPUTED_VALUE"""),"Can Uzun") -> Can Uzun | D69: =IFERROR(__xludf.DUMMYFUNCTION("""COMPUTED_VALUE"""),"pomocnik") -> pomocnik | E69: =IFERROR(__xludf.DUMMYFUNCTION("""COMPUTED_VALUE"""),"Turcja /Niemcy") -> Turcja /Niemcy | F69: =IFERROR(__xludf.DUMMYFUNCTION("""COMPUTED_VALUE"""),38667.0) -> 38667 | G69: =IFERROR(__xludf.DUMMYFUNCTION("""COMPUTED_VALUE"""),20.0) -> 20 | H69: =IFERROR(__xludf.DUMMYFUNCTION("""COMPUTED_VALUE"""),2.0) -> 2
A70: 69 | B70: =IFERROR(__xludf.DUMMYFUNCTION("""COMPUTED_VALUE"""),11.0) -> 11 | C70: =IFERROR(__xludf.DUMMYFUNCTION("""COMPUTED_VALUE"""),"Yunus Akgün") -> Yunus Akgün | D70: =IFERROR(__xludf.DUMMYFUNCTION("""COMPUTED_VALUE"""),"napastnik") -> napastnik | E70: =IFERROR(__xludf.DUMMYFUNCTION("""COMPUTED_VALUE"""),"Turcja") -> Turcja | F70: =IFERROR(__xludf.DUMMYFUNCTION("""COMPUTED_VALUE"""),36714.0) -> 36714 | G70: =IFERROR(__xludf.DUMMYFUNCTION("""COMPUTED_VALUE"""),25.0) -> 25 | H70: =IFERROR(__xludf.DUMMYFUNCTION("""COMPUTED_VALUE"""),2.0) -> 2
A71: 70 | B71: =IFERROR(__xludf.DUMMYFUNCTION("""COMPUTED_VALUE"""),2.0) -> 2 | C71: =IFERROR(__xludf.DUMMYFUNCTION("""COMPUTED_VALUE"""),"Denzel Dumfries") -> Denzel Dumfries | D71: =IFERROR(__xludf.DUMMYFUNCTION("""COMPUTED_VALUE"""),"obrońca") -> obrońca | E71: =IFERROR(__xludf.DUMMYFUNCTION("""COMPUTED_VALUE"""),"Holandia /Aruba") -> Holandia /Aruba | F71: =IFERROR(__xludf.DUMMYFUNCTION("""COMPUTED_VALUE"""),35173.0) -> 35173 | G71: =IFERROR(__xludf.DUMMYFUNCTION("""COMPUTED_VALUE"""),29.0) -> 29 | H71: =IFERROR(__xludf.DUMMYFUNCTION("""COMPUTED_VALUE"""),2.0) -> 2
A72: 71 | B72: =IFERROR(__xludf.DUMMYFUNCTION("""COMPUTED_VALUE"""),9.0) -> 9 | C72: =IFERROR(__xludf.DUMMYFUNCTION("""COMPUTED_VALUE"""),"Marcus Thuram") -> Marcus Thuram | D72: =IFERROR(__xludf.DUMMYFUNCTION("""COMPUTED_VALUE"""),"napastnik") -> napastnik | E72: =IFERROR(__xludf.DUMMYFUNCTION("""COMPUTED_VALUE"""),"Francja /Gwadelupa") -> Francja /Gwadelupa | F72: =IFERROR(__xludf.DUMMYFUNCTION("""COMPUTED_VALUE"""),35648.0) -> 35648 | G72: =IFERROR(__xludf.DUMMYFUNCTION("""COMPUTED_VALUE"""),28.0) -> 28 | H72: =IFERROR(__xludf.DUMMYFUNCTION("""COMPUTED_VALUE"""),2.0) -> 2
A73: 72 | B73: =IFERROR(__xludf.DUMMYFUNCTION("""COMPUTED_VALUE"""),30.0) -> 30 | C73: =IFERROR(__xludf.DUMMYFUNCTION("""COMPUTED_VALUE"""),"Jonathan David") -> Jonathan David | D73: =IFERROR(__xludf.DUMMYFUNCTION("""COMPUTED_VALUE"""),"napastnik") -> napastnik | E73: =IFERROR(__xludf.DUMMYFUNCTION("""COMPUTED_VALUE"""),"Kanada /USA") -> Kanada /USA | F73: =IFERROR(__xludf.DUMMYFUNCTION("""COMPUTED_VALUE"""),36539.0) -> 36539 | G73: =IFERROR(__xludf.DUMMYFUNCTION("""COMPUTED_VALUE"""),26.0) -> 26 | H73: =IFERROR(__xludf.DUMMYFUNCTION("""COMPUTED_VALUE"""),2.0) -> 2
A74: 73 | B74: =IFERROR(__xludf.DUMMYFUNCTION("""COMPUTED_VALUE"""),14.0) -> 14 | C74: =IFERROR(__xludf.DUMMYFUNCTION("""COMPUTED_VALUE"""),"Patrik Schick") -> Patrik Schick | D74: =IFERROR(__xludf.DUMMYFUNCTION("""COMPUTED_VALUE"""),"napastnik") -> napastnik | E74: =IFERROR(__xludf.DUMMYFUNCTION("""COMPUTED_VALUE"""),"Czechy") -> Czechy | F74: =IFERROR(__xludf.DUMMYFUNCTION("""COMPUTED_VALUE"""),35088.0) -> 35088 | G74: =IFERROR(__xludf.DUMMYFUNCTION("""COMPUTED_VALUE"""),30.0) -> 30 | H74: =IFERROR(__xludf.DUMMYFUNCTION("""COMPUTED_VALUE"""),2.0) -> 2
A75: 74 | B75: =IFERROR(__xludf.DUMMYFUNCTION("""COMPUTED_VALUE"""),24.0) -> 24 | C75: =IFERROR(__xludf.DUMMYFUNCTION("""COMPUTED_VALUE"""),"Aleix García") -> Aleix García | D75: =IFERROR(__xludf.DUMMYFUNCTION("""COMPUTED_VALUE"""),"pomocnik") -> pomocnik | E75: =IFERROR(__xludf.DUMMYFUNCTION("""COMPUTED_VALUE"""),"Hiszpania") -> Hiszpania | F75: =IFERROR(__xludf.DUMMYFUNCTION("""COMPUTED_VALUE"""),35609.0) -> 35609 | G75: =IFERROR(__xludf.DUMMYFUNCTION("""COMPUTED_VALUE"""),28.0) -> 28 | H75: =IFERROR(__xludf.DUMMYFUNCTION("""COMPUTED_VALUE"""),2.0) -> 2
A76: 75 | B76: =IFERROR(__xludf.DUMMYFUNCTION("""COMPUTED_VALUE"""),4.0) -> 4 | C76: =IFERROR(__xludf.DUMMYFUNCTION("""COMPUTED_VALUE"""),"Virgil van Dijk") -> Virgil van Dijk | D76: =IFERROR(__xludf.DUMMYFUNCTION("""COMPUTED_VALUE"""),"obrońca") -> obrońca | E76: =IFERROR(__xludf.DUMMYFUNCTION("""COMPUTED_VALUE"""),"Holandia /Surinam") -> Holandia /Surinam | F76: =IFERROR(__xludf.DUMMYFUNCTION("""COMPUTED_VALUE"""),33427.0) -> 33427 | G76: =IFERROR(__xludf.DUMMYFUNCTION("""COMPUTED_VALUE"""),34.0) -> 34 | H76: =IFERROR(__xludf.DUMMYFUNCTION("""COMPUTED_VALUE"""),2.0) -> 2
A77: 76 | B77: =IFERROR(__xludf.DUMMYFUNCTION("""COMPUTED_VALUE"""),18.0) -> 18 | C77: =IFERROR(__xludf.DUMMYFUNCTION("""COMPUTED_VALUE"""),"Cody Gakpo") -> Cody Gakpo | D77: =IFERROR(__xludf.DUMMYFUNCTION("""COMPUTED_VALUE"""),"napastnik") -> napastnik | E77: =IFERROR(__xludf.DUMMYFUNCTION("""COMPUTED_VALUE"""),"Holandia /Togo") -> Holandia /Togo | F77: =IFERROR(__xludf.DUMMYFUNCTION("""COMPUTED_VALUE"""),36287.0) -> 36287 | G77: =IFERROR(__xludf.DUMMYFUNCTION("""COMPUTED_VALUE"""),26.0) -> 26 | H77: =IFERROR(__xludf.DUMMYFUNCTION("""COMPUTED_VALUE"""),2.0) -> 2
A78: 77 | B78: =IFERROR(__xludf.DUMMYFUNCTION("""COMPUTED_VALUE"""),10.0) -> 10 | C78: =IFERROR(__xludf.DUMMYFUNCTION("""COMPUTED_VALUE"""),"Rayan Cherki") -> Rayan Cherki | D78: =IFERROR(__xludf.DUMMYFUNCTION("""COMPUTED_VALUE"""),"pomocnik") -> pomocnik | E78: =IFERROR(__xludf.DUMMYFUNCTION("""COMPUTED_VALUE"""),"Francja /Algieria") -> Francja /Algieria | F78: =IFERROR(__xludf.DUMMYFUNCTION("""COMPUTED_VALUE"""),37850.0) -> 37850 | G78: =IFERROR(__xludf.DUMMYFUNCTION("""COMPUTED_VALUE"""),22.0) -> 22 | H78: =IFERROR(__xludf.DUMMYFUNCTION("""COMPUTED_VALUE"""),2.0) -> 2
A79: 78 | B79: =IFERROR(__xludf.DUMMYFUNCTION("""COMPUTED_VALUE"""),47.0) -> 47 | C79: =IFERROR(__xludf.DUMMYFUNCTION("""COMPUTED_VALUE"""),"Phil Foden") -> Phil Foden | D79: =IFERROR(__xludf.DUMMYFUNCTION("""COMPUTED_VALUE"""),"pomocnik") -> pomocnik | E79: =IFERROR(__xludf.DUMMYFUNCTION("""COMPUTED_VALUE"""),"Anglia") -> Anglia | F79: =IFERROR(__xludf.DUMMYFUNCTION("""COMPUTED_VALUE"""),36674.0) -> 36674 | G79: =IFERROR(__xludf.DUMMYFUNCTION("""COMPUTED_VALUE"""),25.0) -> 25 | H79: =IFERROR(__xludf.DUMMYFUNCTION("""COMPUTED_VALUE"""),2.0) -> 2
A80: 79 | B80: =IFERROR(__xludf.DUMMYFUNCTION("""COMPUTED_VALUE"""),4.0) -> 4 | C80: =IFERROR(__xludf.DUMMYFUNCTION("""COMPUTED_VALUE"""),"Jordan Teze") -> Jordan Teze | D80: =IFERROR(__xludf.DUMMYFUNCTION("""COMPUTED_VALUE"""),"obrońca") -> obrońca | E80: =IFERROR(__xludf.DUMMYFUNCTION("""COMPUTED_VALUE"""),"Holandia /Kongo") -> Holandia /Kongo | F80: =IFERROR(__xludf.DUMMYFUNCTION("""COMPUTED_VALUE"""),36433.0) -> 36433 | G80: =IFERROR(__xludf.DUMMYFUNCTION("""COMPUTED_VALUE"""),26.0) -> 26 | H80: =IFERROR(__xludf.DUMMYFUNCTION("""COMPUTED_VALUE"""),2.0) -> 2
A81: 80 | B81: =IFERROR(__xludf.DUMMYFUNCTION("""COMPUTED_VALUE"""),19.0) -> 19 | C81: =IFERROR(__xludf.DUMMYFUNCTION("""COMPUTED_VALUE"""),"Rasmus Højlund") -> Rasmus Højlund | D81: =IFERROR(__xludf.DUMMYFUNCTION("""COMPUTED_VALUE"""),"napastnik") -> napastnik | E81: =IFERROR(__xludf.DUMMYFUNCTION("""COMPUTED_VALUE"""),"Dania") -> Dania | F81: =IFERROR(__xludf.DUMMYFUNCTION("""COMPUTED_VALUE"""),37656.0) -> 37656 | G81: =IFERROR(__xludf.DUMMYFUNCTION("""COMPUTED_VALUE"""),22.0) -> 22 | H81: =IFERROR(__xludf.DUMMYFUNCTION("""COMPUTED_VALUE"""),2.0) -> 2
A82: 81 | B82: =IFERROR(__xludf.DUMMYFUNCTION("""COMPUTED_VALUE"""),9.0) -> 9 | C82: =IFERROR(__xludf.DUMMYFUNCTION("""COMPUTED_VALUE"""),"Ayoub El Kaabi") -> Ayoub El Kaabi | D82: =IFERROR(__xludf.DUMMYFUNCTION("""COMPUTED_VALUE"""),"napastnik") -> napastnik | E82: =IFERROR(__xludf.DUMMYFUNCTION("""COMPUTED_VALUE"""),"Maroko") -> Maroko | F82: =IFERROR(__xludf.DUMMYFUNCTION("""COMPUTED_VALUE"""),34145.0) -> 34145 | G82: =IFERROR(__xludf.DUMMYFUNCTION("""COMPUTED_VALUE"""),32.0) -> 32 | H82: =IFERROR(__xludf.DUMMYFUNCTION("""COMPUTED_VALUE"""),2.0) -> 2
A83: 82 | B83: =IFERROR(__xludf.DUMMYFUNCTION("""COMPUTED_VALUE"""),10.0) -> 10 | C83: =IFERROR(__xludf.DUMMYFUNCTION("""COMPUTED_VALUE"""),"Gelson Martins") -> Gelson Martins | D83: =IFERROR(__xludf.DUMMYFUNCTION("""COMPUTED_VALUE"""),"napastnik") -> napastnik | E83: =IFERROR(__xludf.DUMMYFUNCTION("""COMPUTED_VALUE"""),"Portugalia /Republika Zielonego Przylądka") -> Portugalia /Republika Zielonego Przylądka | F83: =IFERROR(__xludf.DUMMYFUNCTION("""COMPUTED_VALUE"""),34830.0) -> 34830 | G83: =IFERROR(__xludf.DUMMYFUNCTION("""COMPUTED_VALUE"""),30.0) -> 30 | H83: =IFERROR(__xludf.DUMMYFUNCTION("""COMPUTED_VALUE"""),2.0) -> 2
A84: 83 | B84: =IFERROR(__xludf.DUMMYFUNCTION("""COMPUTED_VALUE"""),99.0) -> 99 | C84: =IFERROR(__xludf.DUMMYFUNCTION("""COMPUTED_VALUE"""),"Mehdi Taremi") -> Mehdi Taremi | D84: =IFERROR(__xludf.DUMMYFUNCTION("""COMPUTED_VALUE"""),"napastnik") -> napastnik | E84: =IFERROR(__xludf.DUMMYFUNCTION("""COMPUTED_VALUE"""),"Iran") -> Iran | F84: =IFERROR(__xludf.DUMMYFUNCTION("""COMPUTED_VALUE"""),33803.0) -> 33803 | G84: =IFERROR(__xludf.DUMMYFUNCTION("""COMPUTED_VALUE"""),33.0) -> 33 | H84: =IFERROR(__xludf.DUMMYFUNCTION("""COMPUTED_VALUE"""),2.0) -> 2
A85: 84 | B85: =IFERROR(__xludf.DUMMYFUNCTION("""COMPUTED_VALUE"""),14.0) -> 14 | C85: =IFERROR(__xludf.DUMMYFUNCTION("""COMPUTED_VALUE"""),"Désiré Doué") -> Désiré Doué | D85: =IFERROR(__xludf.DUMMYFUNCTION("""COMPUTED_VALUE"""),"napastnik") -> napastnik | E85: =IFERROR(__xludf.DUMMYFUNCTION("""COMPUTED_VALUE"""),"Francja /Wybrzeże Kości Słoniowej") -> Francja /Wybrzeże Kości Słoniowej | F85: =IFERROR(__xludf.DUMMYFUNCTION("""COMPUTED_VALUE"""),38506.0) -> 38506 | G85: =IFERROR(__xludf.DUMMYFUNCTION("""COMPUTED_VALUE"""),20.0) -> 20 | H85: =IFERROR(__xludf.DUMMYFUNCTION("""COMPUTED_VALUE"""),2.0) -> 2
A86: 85 | B86: =IFERROR(__xludf.DUMMYFUNCTION("""COMPUTED_VALUE"""),25.0) -> 25 | C86: =IFERROR(__xludf.DUMMYFUNCTION("""COMPUTED_VALUE"""),"Nuno Mendes") -> Nuno Mendes | D86: =IFERROR(__xludf.DUMMYFUNCTION("""COMPUTED_VALUE"""),"obrońca") -> obrońca | E86: =IFERROR(__xludf.DUMMYFUNCTION("""COMPUTED_VALUE"""),"Portugalia") -> Portugalia | F86: =IFERROR(__xludf.DUMMYFUNCTION("""COMPUTED_VALUE"""),37426.0) -> 37426 | G86: =IFERROR(__xludf.DUMMYFUNCTION("""COMPUTED_VALUE"""),23.0) -> 23 | H86: =IFERROR(__xludf.DUMMYFUNCTION("""COMPUTED_VALUE"""),2.0) -> 2
A87: 86 | B87: =IFERROR(__xludf.DUMMYFUNCTION("""COMPUTED_VALUE"""),51.0) -> 51 | C87: =IFERROR(__xludf.DUMMYFUNCTION("""COMPUTED_VALUE"""),"William Pacho") -> William Pacho | D87: =IFERROR(__xludf.DUMMYFUNCTION("""COMPUTED_VALUE"""),"obrońca") -> obrońca | E87: =IFERROR(__xludf.DUMMYFUNCTION("""COMPUTED_VALUE"""),"Wenezuela") -> Wenezuela | F87: =IFERROR(__xludf.DUMMYFUNCTION("""COMPUTED_VALUE"""),37180.0) -> 37180 | G87: =IFERROR(__xludf.DUMMYFUNCTION("""COMPUTED_VALUE"""),24.0) -> 24 | H87: =IFERROR(__xludf.DUMMYFUNCTION("""COMPUTED_VALUE"""),2.0) -> 2
A88: 87 | B88: =IFERROR(__xludf.DUMMYFUNCTION("""COMPUTED_VALUE"""),20.0) -> 20 | C88: =IFERROR(__xludf.DUMMYFUNCTION("""COMPUTED_VALUE"""),"Guus Til") -> Guus Til | D88: =IFERROR(__xludf.DUMMYFUNCTION("""COMPUTED_VALUE"""),"pomocnik") -> pomocnik | E88: =IFERROR(__xludf.DUMMYFUNCTION("""COMPUTED_VALUE"""),"Holandia") -> Holandia | F88: =IFERROR(__xludf.DUMMYFUNCTION("""COMPUTED_VALUE"""),35786.0) -> 35786 | G88: =IFERROR(__xludf.DUMMYFUNCTION("""COMPUTED_VALUE"""),28.0) -> 28 | H88: =IFERROR(__xludf.DUMMYFUNCTION("""COMPUTED_VALUE"""),2.0) -> 2
A89: 88 | B89: =IFERROR(__xludf.DUMMYFUNCTION("""COMPUTED_VALUE"""),27.0) -> 27 | C89: =IFERROR(__xludf.DUMMYFUNCTION("""COMPUTED_VALUE"""),"Dennis Man") -> Dennis Man | D89: =IFERROR(__xludf.DUMMYFUNCTION("""COMPUTED_VALUE"""),"napastnik") -> napastnik | E89: =IFERROR(__xludf.DUMMYFUNCTION("""COMPUTED_VALUE"""),"Rumunia") -> Rumunia | F89: =IFERROR(__xludf.DUMMYFUNCTION("""COMPUTED_VALUE"""),36033.0) -> 36033 | G89: =IFERROR(__xludf.DUMMYFUNCTION("""COMPUTED_VALUE"""),27.0) -> 27 | H89: =IFERROR(__xludf.DUMMYFUNCTION("""COMPUTED_VALUE"""),2.0) -> 2
A90: 89 | B90: =IFERROR(__xludf.DUMMYFUNCTION("""COMPUTED_VALUE"""),34.0) -> 34 | C90: =IFERROR(__xludf.DUMMYFUNCTION("""COMPUTED_VALUE"""),"Ismael Saibari") -> Ismael Saibari | D90: =IFERROR(__xludf.DUMMYFUNCTION("""COMPUTED_VALUE"""),"pomocnik") -> pomocnik | E90: =IFERROR(__xludf.DUMMYFUNCTION("""COMPUTED_VALUE"""),"Maroko /Belgia") -> Maroko /Belgia | F90: =IFERROR(__xludf.DUMMYFUNCTION("""COMPUTED_VALUE"""),36919.0) -> 36919 | G90: =IFERROR(__xludf.DUMMYFUNCTION("""COMPUTED_VALUE"""),25.0) -> 25 | H90: =IFERROR(__xludf.DUMMYFUNCTION("""COMPUTED_VALUE"""),2.0) -> 2
A91: 90 | B91: =IFERROR(__xludf.DUMMYFUNCTION("""COMPUTED_VALUE"""),5.0) -> 5 | C91: =IFERROR(__xludf.DUMMYFUNCTION("""COMPUTED_VALUE"""),"Jude Bellingham") -> Jude Bellingham | D91: =IFERROR(__xludf.DUMMYFUNCTION("""COMPUTED_VALUE"""),"pomocnik") -> pomocnik | E91: =IFERROR(__xludf.DUMMYFUNCTION("""COMPUTED_VALUE"""),"Anglia /Irlandia") -> Anglia /Irlandia | F91: =IFERROR(__xludf.DUMMYFUNCTION("""COMPUTED_VALUE"""),37801.0) -> 37801 | G91: =IFERROR(__xludf.DUMMYFUNCTION("""COMPUTED_VALUE"""),22.0) -> 22 | H91: =IFERROR(__xludf.DUMMYFUNCTION("""COMPUTED_VALUE"""),2.0) -> 2
A92: 91 | B92: =IFERROR(__xludf.DUMMYFUNCTION("""COMPUTED_VALUE"""),12.0) -> 12 | C92: =IFERROR(__xludf.DUMMYFUNCTION("""COMPUTED_VALUE"""),"Youssoupha Mbodji") -> Youssoupha Mbodji | D92: =IFERROR(__xludf.DUMMYFUNCTION("""COMPUTED_VALUE"""),"obrońca") -> obrońca | E92: =IFERROR(__xludf.DUMMYFUNCTION("""COMPUTED_VALUE"""),"Senegal") -> Senegal | F92: =IFERROR(__xludf.DUMMYFUNCTION("""COMPUTED_VALUE"""),37995.0) -> 37995 | G92: =IFERROR(__xludf.DUMMYFUNCTION("""COMPUTED_VALUE"""),22.0) -> 22 | H92: =IFERROR(__xludf.DUMMYFUNCTION("""COMPUTED_VALUE"""),2.0) -> 2
A93: 92 | B93: =IFERROR(__xludf.DUMMYFUNCTION("""COMPUTED_VALUE"""),7.0) -> 7 | C93: =IFERROR(__xludf.DUMMYFUNCTION("""COMPUTED_VALUE"""),"Geovany Quenda") -> Geovany Quenda | D93: =IFERROR(__xludf.DUMMYFUNCTION("""COMPUTED_VALUE"""),"napastnik") -> napastnik | E93: =IFERROR(__xludf.DUMMYFUNCTION("""COMPUTED_VALUE"""),"Portugalia /Gwinea Bissau") -> Portugalia /Gwinea Bissau | F93: =IFERROR(__xludf.DUMMYFUNCTION("""COMPUTED_VALUE"""),39202.0) -> 39202 | G93: =IFERROR(__xludf.DUMMYFUNCTION("""COMPUTED_VALUE"""),18.0) -> 18 | H93: =IFERROR(__xludf.DUMMYFUNCTION("""COMPUTED_VALUE"""),2.0) -> 2
A94: 93 | B94: =IFERROR(__xludf.DUMMYFUNCTION("""COMPUTED_VALUE"""),27.0) -> 27 | C94: =IFERROR(__xludf.DUMMYFUNCTION("""COMPUTED_VALUE"""),"Alisson Santos") -> Alisson Santos | D94: =IFERROR(__xludf.DUMMYFUNCTION("""COMPUTED_VALUE"""),"napastnik") -> napastnik | E94: =IFERROR(__xludf.DUMMYFUNCTION("""COMPUTED_VALUE"""),"Brazylia") -> Brazylia | F94: =IFERROR(__xludf.DUMMYFUNCTION("""COMPUTED_VALUE"""),37526.0) -> 37526 | G94: =IFERROR(__xludf.DUMMYFUNCTION("""COMPUTED_VALUE"""),23.0) -> 23 | H94: =IFERROR(__xludf.DUMMYFUNCTION("""COMPUTED_VALUE"""),2.0) -> 2
A95: 94 | B95: =IFERROR(__xludf.DUMMYFUNCTION("""COMPUTED_VALUE"""),37.0) -> 37 | C95: =IFERROR(__xludf.DUMMYFUNCTION("""COMPUTED_VALUE"""),"Micky van den Ven") -> Micky van den Ven | D95: =IFERROR(__xludf.DUMMYFUNCTION("""COMPUTED_VALUE"""),"obrońca") -> obrońca | E95: =IFERROR(__xludf.DUMMYFUNCTION("""COMPUTED_VALUE"""),"Holandia") -> Holandia | F95: =IFERROR(__xludf.DUMMYFUNCTION("""COMPUTED_VALUE"""),37000.0) -> 37000 | G95: =IFERROR(__xludf.DUMMYFUNCTION("""COMPUTED_VALUE"""),24.0) -> 24 | H95: =IFERROR(__xludf.DUMMYFUNCTION("""COMPUTED_VALUE"""),2.0) -> 2
A96: 95 | B96: =IFERROR(__xludf.DUMMYFUNCTION("""COMPUTED_VALUE"""),39.0) -> 39 | C96: =IFERROR(__xludf.DUMMYFUNCTION("""COMPUTED_VALUE"""),"Randal Kolo Muani") -> Randal Kolo Muani | D96: =IFERROR(__xludf.DUMMYFUNCTION("""COMPUTED_VALUE"""),"napastnik") -> napastnik | E96: =IFERROR(__xludf.DUMMYFUNCTION("""COMPUTED_VALUE"""),"Francja /Demokratyczna Republika Konga") -> Francja /Demokratyczna Republika Konga | F96: =IFERROR(__xludf.DUMMYFUNCTION("""COMPUTED_VALUE"""),36134.0) -> 36134 | G96: =IFERROR(__xludf.DUMMYFUNCTION("""COMPUTED_VALUE"""),27.0) -> 27 | H96: =IFERROR(__xludf.DUMMYFUNCTION("""COMPUTED_VALUE"""),2.0) -> 2
A97: 96 | B97: =IFERROR(__xludf.DUMMYFUNCTION("""COMPUTED_VALUE"""),12.0) -> 12 | C97: =IFERROR(__xludf.DUMMYFUNCTION("""COMPUTED_VALUE"""),"Promise David") -> Promise David | D97: =IFERROR(__xludf.DUMMYFUNCTION("""COMPUTED_VALUE"""),"napastnik") -> napastnik | E97: =IFERROR(__xludf.DUMMYFUNCTION("""COMPUTED_VALUE"""),"Kanada /Nigeria") -> Kanada /Nigeria | F97: =IFERROR(__xludf.DUMMYFUNCTION("""COMPUTED_VALUE"""),37075.0) -> 37075 | G97: =IFERROR(__xludf.DUMMYFUNCTION("""COMPUTED_VALUE"""),24.0) -> 24 | H97: =IFERROR(__xludf.DUMMYFUNCTION("""COMPUTED_VALUE"""),2.0) -> 2
A98: 97 | B98: =IFERROR(__xludf.DUMMYFUNCTION("""COMPUTED_VALUE"""),25.0) -> 25 | C98: =IFERROR(__xludf.DUMMYFUNCTION("""COMPUTED_VALUE"""),"Anan Khalaili") -> Anan Khalaili | D98: =IFERROR(__xludf.DUMMYFUNCTION("""COMPUTED_VALUE"""),"pomocnik") -> pomocnik | E98: =IFERROR(__xludf.DUMMYFUNCTION("""COMPUTED_VALUE"""),"Izrael") -> Izrael | F98: =IFERROR(__xludf.DUMMYFUNCTION("""COMPUTED_VALUE"""),38233.0) -> 38233 | G98: =IFERROR(__xludf.DUMMYFUNCTION("""COMPUTED_VALUE"""),21.0) -> 21 | H98: =IFERROR(__xludf.DUMMYFUNCTION("""COMPUTED_VALUE"""),2.0) -> 2
A99: 98 | B99: =IFERROR(__xludf.DUMMYFUNCTION("""COMPUTED_VALUE"""),21.0) -> 21 | C99: =IFERROR(__xludf.DUMMYFUNCTION("""COMPUTED_VALUE"""),"Tani Oluwaseyi") -> Tani Oluwaseyi | D99: =IFERROR(__xludf.DUMMYFUNCTION("""COMPUTED_VALUE"""),"napastnik") -> napastnik | E99: =IFERROR(__xludf.DUMMYFUNCTION("""COMPUTED_VALUE"""),"Kanada /Nigeria") -> Kanada /Nigeria | F99: =IFERROR(__xludf.DUMMYFUNCTION("""COMPUTED_VALUE"""),36661.0) -> 36661 | G99: =IFERROR(__xludf.DUMMYFUNCTION("""COMPUTED_VALUE"""),25.0) -> 25 | H99: =IFERROR(__xludf.DUMMYFUNCTION("""COMPUTED_VALUE"""),2.0) -> 2
A100: 99 | B100: =IFERROR(__xludf.DUMMYFUNCTION("""COMPUTED_VALUE"""),3.0) -> 3 | C100: =IFERROR(__xludf.DUMMYFUNCTION("""COMPUTED_VALUE"""),"Anton Gaaei") -> Anton Gaaei | D100: =IFERROR(__xludf.DUMMYFUNCTION("""COMPUTED_VALUE"""),"obrońca") -> obrońca | E100: =IFERROR(__xludf.DUMMYFUNCTION("""COMPUTED_VALUE"""),"Dania") -> Dania | F100: =IFERROR(__xludf.DUMMYFUNCTION("""COMPUTED_VALUE"""),37579.0) -> 37579 | G100: =IFERROR(__xludf.DUMMYFUNCTION("""COMPUTED_VALUE"""),23.0) -> 23 | H100: =IFERROR(__xludf.DUMMYFUNCTION("""COMPUTED_VALUE"""),1.0) -> 1
...

Sheet Ajax
A1: t | B1: imię i nazwisko | C1: pozycja | D1: narodowość | E1: flaga | F1: data urodzenia | G1: wiek | H1: mecze | I1: minuty | J1: gole | K1: asysty | L1: żółte kartki | M1: czerwone kartki | N1: czyste konta | O1: kanadyjka | P1: obronione karne
A2: 1 | B2: Vítězslav Jaroš | C2: bramkarz | D2: Czechy | E2: =IMAGE("https://flagcdn.com/w320/cz.png") | F2: 37095 | G2: =DATEDIF(F2,TODAY(),"Y") -> 24 | H2: =1+1+1+1+1 -> 5 | I2: =90+90+90+90+90 -> 450 | O2: =J2+K2 -> 0
A3: 2 | B3: Lucas Rosa | C3: obrońca | D3: Brazylia /Włochy | E3: =IMAGE("https://flagcdn.com/w320/br.png") | F3: 36619 | G3: =DATEDIF(F3,TODAY(),"Y") -> 25 | H3: =1+1+1 -> 3 | I3: =90+83+90 -> 263 | K3: =1 -> 1 | L3: =1 -> 1 | O3: =J3+K3 -> 1
A4: 3 | B4: Anton Gaaei | C4: obrońca | D4: Dania | E4: =IMAGE("https://flagcdn.com/w320/dk.png") | F4: 37579 | G4: =DATEDIF(F4,TODAY(),"Y") -> 23 | H4: =1+1+1+1+1+1 -> 6 | I4: =90+36+7+90+90+90 -> 403 | J4: =1 -> 1 | K4: =1 -> 1 | L4: =1+1 -> 2 | O4: =J4+K4 -> 2
A5: 4 | B5: Kō Itakura | C5: obrońca | D5: Japonia | E5: =IMAGE("https://flagcdn.com/w320/jp.png") | F5: 35457 | G5: =DATEDIF(F5,TODAY(),"Y") -> 29 | H5: =1+1+1+1+1+1 -> 6 | I5: =83+90+90+90+64+37 -> 454 | L5: =1 -> 1 | O5: =J5+K5 -> 0
A6: 5 | B6: Owen Wijndal | C6: obrońca | D6: Holandia /Surinam | E6: =IMAGE("https://flagcdn.com/w320/nl.png") | F6: 36492 | G6: =DATEDIF(F6,TODAY(),"Y") -> 26 | H6: =1+1+1+1+1 -> 5 | I6: =90+54+45+59+83 -> 331 | L6: =1 -> 1 | O6: =J6+K6 -> 0
A7: 6 | B7: Youri Regger | C7: pomocnik | D7: Holandia | E7: =IMAGE("https://flagcdn.com/w320/nl.png") | F7: 37851 | G7: =DATEDIF(F7,TODAY(),"Y") -> 22 | H7: =1+1+1+1+1+1+1 -> 7 | I7: =75+22+12+69+82+26+53 -> 339 | O7: =J7+K7 -> 0
A8: 7 | B8: Raúl Moro | C8: napastnik | D8: Hiszpania | E8: =IMAGE("https://flagcdn.com/w320/es.png") | F8: 37595 | G8: =DATEDIF(F8,TODAY(),"Y") -> 23 | H8: =1+1+1+1+1 -> 5 | I8: =15+7+90+8+75 -> 195 | O8: =J8+K8 -> 0
A9: 8 | B9: Kenneth Taylor | C9: pomocnik | D9: Holandia | E9: =IMAGE("https://flagcdn.com/w320/nl.png") | F9: 37392 | G9: =DATEDIF(F9,TODAY(),"Y") -> 23 | H9: =1+1+1+1 -> 4 | I9: =62+90+14+90 -> 256 | M9: =1 -> 1 | O9: =J9+K9 -> 0
A10: 9 | B10: Kasper Dolberg | C10: napastnik | D10: Dania | E10: =IMAGE("https://flagcdn.com/w320/dk.png") | F10: 35709 | G10: =DATEDIF(F10,TODAY(),"Y") -> 28 | H10: =1+1+1+1 -> 4 | I10: =28+17+64+70 -> 179 | J10: =1 -> 1 | O10: =J10+K10 -> 1
A11: 10 | B11: Oscar Gloukh | C11: pomocnik | D11: Izrael | E11: =IMAGE("https://flagcdn.com/w320/il.png") | F11: 38078 | G11: =DATEDIF(F11,TODAY(),"Y") -> 21 | H11: =1+1+1+1+1+1+1 -> 7 | I11: =15+90+22+90+17+90+83 -> 407 | J11: =2+1 -> 3 | O11: =J11+K11 -> 3
A12: 11 | B12: Mika Godts | C12: napastnik | D12: Belgia | E12: =IMAGE("https://flagcdn.com/w320/be.png") | F12: 38510 | G12: =DATEDIF(F12,TODAY(),"Y") -> 20 | H12: =1+1+1+1+1+1+1 -> 7 | I12: =75+83+83+69+73+15+90 -> 488 | K12: =1 -> 1 | O12: =J12+K12 -> 1
A13: 12 | B13: Joeri Heerkens | C13: bramkarz | D13: Holandia /Czechy | E13: =IMAGE("https://flagcdn.com/w320/nl.png") | F13: 38845 | G13: =DATEDIF(F13,TODAY(),"Y") -> 19 | H13: 0 | I13: 0 | O13: =J13+K13 -> 0
A14: 15 | B14: Youri Baas | C14: obrońca | D14: Holandia | E14: =IMAGE("https://flagcdn.com/w320/nl.png") | F14: 37697 | G14: =DATEDIF(F14,TODAY(),"Y") -> 22 | H14: =1+1+1+1+1+1+1 -> 7 | I14: =90+54+90+90+90+90+90 -> 594 | L14: =1+1 -> 2 | O14: =J14+K14 -> 0
A15: 16 | B15: James McConnell | C15: pomocnik | D15: Anglia | E15: =IMAGE("https://flagcdn.com/w320/gb-eng.png") | F15: 38243 | G15: =DATEDIF(F15,TODAY(),"Y") -> 21 | H15: =1+1+1 -> 3 | I15: =28+78+12 -> 118 | L15: =1 -> 1 | O15: =J15+K15 -> 0
A16: 17 | B16: Oliver Edvardsen | C16: napastnik | D16: Norwegia | E16: =IMAGE("https://flagcdn.com/w320/no.png") | F16: 36238 | G16: =DATEDIF(F16,TODAY(),"Y") -> 26 | H16: =1+1+1 -> 3 | I16: =90+45+7 -> 142 | J16: =1 -> 1 | O16: =J16+K16 -> 1
A17: 18 | B17: Davy Klaassen | C17: pomocnik | D17: Holandia | E17: =IMAGE("https://flagcdn.com/w320/nl.png") | F17: 34021 | G17: =DATEDIF(F17,TODAY(),"Y") -> 32 | H17: =1+1+1+1+1+1+1 -> 7 | I17: =90+90+45+90+73+15+90 -> 493 | L17: =1 -> 1 | O17: =J17+K17 -> 0
A18: 19 | B18: Don-Angelo Konadu | C18: napastnik | D18: Holandia /Ghana | E18: =IMAGE("https://flagcdn.com/w320/nl.png") | F18: 38840 | G18: =DATEDIF(F18,TODAY(),"Y") -> 19 | H18: =1 -> 1 | I18: =26 -> 26 | K18: =1 -> 1 | O18: =J18+K18 -> 1
A19: 21 | B19: Branco van den Boomen | C19: pomocnik | D19: Holandia | E19: =IMAGE("https://flagcdn.com/w320/nl.png") | F19: 34901 | G19: =DATEDIF(F19,TODAY(),"Y") -> 30 | H19: 0 | I19: 0 | O19: =J19+K19 -> 0
A20: 22 | B20: Remko Pasveer | C20: bramkarz | D20: Holandia | E20: =IMAGE("https://flagcdn.com/w320/nl.png") | F20: 30628 | G20: =DATEDIF(F20,TODAY(),"Y") -> 42 | H20: =1+1 -> 2 | I20: =90+90 -> 180 | O20: =J20+K20 -> 0
A21: 23 | B21: Steven Berghuis | C21: napastnik | D21: Holandia | E21: =IMAGE("https://flagcdn.com/w320/nl.png") | F21: 33591 | G21: =DATEDIF(F21,TODAY(),"Y") -> 34 | H21: =1 -> 1 | I21: =45 -> 45 | O21: =J21+K21 -> 0
A22: 24 | B22: Jorthy Mokio | C22: pomocnik | D22: Belgia /Demokratyczna Republika Konga | E22: =IMAGE("https://flagcdn.com/w320/be.png") | F22: 39507 | G22: =DATEDIF(F22,TODAY(),"Y") -> 17 | H22: =1+1+1+1+1+1 -> 6 | I22: =68+68+78+31+83+70 -> 398 | L22: =1 -> 1 | O22: =J22+K22 -> 0
A23: 25 | B23: Wout Weghorst | C23: napastnik | D23: Holandia | E23: =IMAGE("https://flagcdn.com/w320/nl.png") | F23: 33823 | G23: =DATEDIF(F23,TODAY(),"Y") -> 33 | H23: =1+1+1+1 -> 4 | I23: =62+45+90+90 -> 287 | J23: =1 -> 1 | L23: =1+1 -> 2 | O23: =J23+K23 -> 1
A24: 28 | B24: Kian Fitz-Jim | C24: pomocnik | D24: Holandia /Surinam | E24: =IMAGE("https://flagcdn.com/w320/nl.png") | F24: 37807 | G24: =DATEDIF(F24,TODAY(),"Y") -> 22 | H24: =1+1+1+1+1 -> 5 | I24: =7+21+17+7+7 -> 59 | O24: =J24+K24 -> 0
A25: 30 | B25: Aaron Bouwman | C25: obrońca | D25: Holandia /Anglia | E25: =IMAGE("https://flagcdn.com/w320/nl.png") | F25: 39322 | G25: =DATEDIF(F25,TODAY(),"Y") -> 18 | H25: =1+1 -> 2 | I25: =90+90 -> 180 | L25: =1 -> 1 | O25: =J25+K25 -> 0
A26: 37 | B26: Josip Šutalo | C26: obrońca | D26: Chorwacja | E26: =IMAGE("https://flagcdn.com/w320/hr.png") | F26: 36584 | G26: =DATEDIF(F26,TODAY(),"Y") -> 25 | H26: =1+1+1+1+1 -> 5 | I26: =7+36+90+90+90 -> 313 | O26: =J26+K26 -> 0
A27: 41 | B27: Gerald Alders | C27: obrońca | D27: Holandia /Nambia | E27: =IMAGE("https://flagcdn.com/w320/nl.png") | F27: 38479 | G27: =DATEDIF(F27,TODAY(),"Y") -> 20 | H27: =1 -> 1 | I27: =45 -> 45 | O27: =J27+K27 -> 0
A28: 43 | B28: Rayane Bounida | C28: pomocnik | D28: Belgia /Maroko | E28: =IMAGE("https://flagcdn.com/w320/be.png") | F28: 38779 | G28: =DATEDIF(F28,TODAY(),"Y") -> 19 | H28: =1+1+1 -> 3 | I28: =21+73+20 -> 114 | O28: =J28+K28 -> 0
A29: 44 | B29: Mark Verkuijl | C29: pomocnik | D29: Holandia | E29: =IMAGE("https://flagcdn.com/w320/nl.png") | F29: 38758 | G29: =DATEDIF(F29,TODAY(),"Y") -> 19 | O29: =J29+K29 -> 0
A30: 45 | B30: Ryan van de Pavert | C30: obrońca | D30: Holandia | E30: =IMAGE("https://flagcdn.com/w320/nl.png") | F30: 38741 | G30: =DATEDIF(F30,TODAY(),"Y") -> 20 | O30: =J30+K30 -> 0
A31: 46 | B31: Lucas Jetten | C31: obrońca | D31: Holandia /RPA | E31: =IMAGE("https://flagcdn.com/w320/nl.png") | F31: 39240 | G31: =DATEDIF(F31,TODAY(),"Y") -> 18 | O31: =J31+K31 -> 0
A32: 48 | B32: Sean Steur | C32: pomocnik | D32: Holandia | E32: =IMAGE("https://flagcdn.com/w320/nl.png") | F32: 39458 | G32: =DATEDIF(F32,TODAY(),"Y") -> 18 | H32: =1+1 -> 2 | I32: =75+20 -> 95 | K32: =1 -> 1 | O32: =J32+K32 -> 1
A33: 49 | B33: Kayden Wolff | C33: napastnik | D33: Holandia /Surinam | E33: =IMAGE("https://flagcdn.com/w320/nl.png") | F33: 38887 | G33: =DATEDIF(F33,TODAY(),"Y") -> 19 | O33: =J33+K33 -> 0
A34: 51 | B34: Charlie Setford | C34: bramkarz | D34: Holandia /Anglia | E34: =IMAGE("https://flagcdn.com/w320/nl.png") | F34: 38118 | G34: =DATEDIF(F34,TODAY(),"Y") -> 21 | O34: =J34+K34 -> 0
A35: 52 | B35: Paul Reverson | C35: bramkarz | D35: Ghana /Holandia | E35: =IMAGE("https://flagcdn.com/w320/gh.png") | F35: 38523 | G35: =DATEDIF(F35,TODAY(),"Y") -> 20 | H35: 0 | I35: 0 | O35: =J35+K35 -> 0
A36: 53 | B36: Mylo van der Lans | C36: pomocnik | D36: Holandia | E36: =IMAGE("https://flagcdn.com/w320/nl.png") | F36: 39183 | G36: =DATEDIF(F36,TODAY(),"Y") -> 18 | H36: 0 | I36: 0
A37: 54 | B37: Skye Vink | C37: napastnik | D37: Holandia /Surinam | E37: =IMAGE("https://flagcdn.com/w320/nl.png") | F37: 38899 | G37: =DATEDIF(F37,TODAY(),"Y") -> 19
A38: 55 | B38: Tijn Peters | C38: pomocnik | D38: Holandia | E38: =IMAGE("https://flagcdn.com/w320/nl.png") | F38: 38779 | G38: =DATEDIF(F38,TODAY(),"Y") -> 19
A39: 56 | B39: David Kalokoh | C39: napastnik | D39: Holandia /Sierra Leone | E39: =IMAGE("https://flagcdn.com/w320/nl.png") | F39: 38463 | G39: =DATEDIF(F39,TODAY(),"Y") -> 20
A40: 57 | B40: Jinairo Johnson | C40: obrońca | D40: Holandia /Jamajka | E40: =IMAGE("https://flagcdn.com/w320/nl.png") | F40: 39180 | G40: =DATEDIF(F40,TODAY(),"Y") -> 18
A41: 58 | B41: Nassef Chourak | C41: pomocnik | D41: Holandia /Maroko | E41: =IMAGE("https://flagcdn.com/w320/nl.png") | F41: 38189 | G41: =DATEDIF(F41,TODAY(),"Y") -> 21
A42: 59 | B42: Emre Ünüvar | C42: napastnik | D42: Holandia /Turcja | E42: =IMAGE("https://flagcdn.com/w320/nl.png") | F42: 39525 | G42: =DATEDIF(F42,TODAY(),"Y") -> 17
A43: 61 | B43: Avery Appiah | C43: pomocnik | D43: Holandia /Ghana | E43: =IMAGE("https://flagcdn.com/w320/nl.png") | F43: 38809 | G43: =DATEDIF(F43,TODAY(),"Y") -> 19
A44: 62 | B44: Aymean El Hani | C44: bramkarz | D44: Holandia /Maroko | E44: =IMAGE("https://flagcdn.com/w320/nl.png") | F44: 39211 | G44: =DATEDIF(F44,TODAY(),"Y") -> 18
A45: 63 | B45: Don O'Niel | C45: pomocnik | D45: Holandia /Surinam | E45: =IMAGE("https://flagcdn.com/w320/nl.png") | F45: 38940 | G45: =DATEDIF(F45,TODAY(),"Y") -> 19
A46: 64 | B46: Damian van der Vaart | C46: pomocnik | D46: Holandia | E46: =IMAGE("https://flagcdn.com/w320/nl.png") | F46: 38865 | G46: =DATEDIF(F46,TODAY(),"Y") -> 19
A47: 65 | B47: Luca Messori | C47: obrońca | D47: Holandia /Włochy | E47: =IMAGE("https://flagcdn.com/w320/nl.png") | F47: 39380 | G47: =DATEDIF(F47,TODAY(),"Y") -> 18
A48: 68 | B48: Abdellah Ouazane | C48: pomocnik | D48: Maroko /Holandia | E48: =IMAGE("https://flagcdn.com/w320/ma.png") | F48: 39828 | G48: =DATEDIF(F48,TODAY(),"Y") -> 17 | H48: 0 | I48: 0
G49: =AVERAGE(G2:G28) -> 24.555556 | H49: =SUM(H2:H48) -> 111 | I49: =SUM(I2:I48)+76 -> 6930 | J49: =SUM(J2:J48) -> 7 | K49: =SUM(K2:K48) -> 5 | L49: =SUM(L2:L48) -> 13 | M49: =SUM(M2:M48) -> 1 | N49: =SUM(N2:N48) -> 0 | O49: =SUM(O2:O48) -> 12 | P49: =SUM(P2:P48) -> 0
A50: lp | B50: imię i nazwisko | C50: funkcja | D50: narodowość | E50: flaga | F50: data urodzenia | G50: wiek | H50: mecze | I50: punkty | J50: strzelone | K50: stracone | L50: wygrane | M50: remisy | N50: porażki
B51: John Heitinga | C51: trener | D51: Holandia | E51: =IMAGE("https://flagcdn.com/w320/nl.png") | F51: 30635 | G51: =DATEDIF(F51,TODAY(),"Y") -> 42 | H51: =L51+M51+N51 -> 4 | I51: =(L51*3)+M51 -> 0 | J51: =1 -> 1 | K51: =2+4+5+3 -> 14 | L51: =0 -> 0 | M51: =0 -> 0 | N51: =1+1+1+1 -> 4
B52: Fred Grim | C52: trener tymczasowy | D52: Holandia | E52: =IMAGE("https://flagcdn.com/w320/nl.png") | F52: 23971 | G52: =DATEDIF(F52,TODAY(),"Y") -> 60 | H52: =L52+M52+N52 -> 3 | I52: =(L52*3)+M52 -> 6 | J52: =4+2 -> 6 | K52: =2+2+1 -> 5 | L52: =1+1 -> 2 | M52: =0 -> 0 | N52: =1 -> 1
H53: =SUM(H51:H52) -> 7 | I53: =SUM(I51:I52) -> 6 | J53: =SUM(J51:J52) -> 7 | K53: =SUM(K51:K52) -> 19 | L53: =SUM(L51:L52) -> 2 | M53: =SUM(M51:M52) -> 0 | N53: =SUM(N51:N52) -> 5
A54: kolejka | B54: gospodarze | C54: goście | D54: gole dla Ajaxu | E54: wynik | F54: stadion
A55: 1 | B55: Ajax | C55: Inter Mediolan | E55: 0-2 | F55: Amsterdam (Johan Cruyff Arena)
A56: 2 | B56: Marsylia | C56: Ajax | E56: 4-0 | F56: Marsylia (Stade Vélodrome)
A57: 3 | B57: Chelsea | C57: Ajax | D57: Wout Weghorst 33 (k) | E57: 45778 | F57: Londyn (Stamford Bridge)
A58: 4 | B58: Ajax | C58: Galatasaray | E58: 0-3 | F58: Amsterdam (Johan Cruyff Arena)
A59: 5 | B59: Ajax | C59: Benfica | F59: Amsterdam (Johan Cruyff Arena)
A60: 6 | B60: Karabach | C60: Ajax | D60: Kasper Dolberg 39, Oscar Gloukh 79, 90, Anton Gaaei 83 | E60: 45692 | F60: Baku (Tofiq Bəhramov adına Respublika stadionu)
A61: 7 | B61: Villarreal | C61: Ajax | D61: Oscar Gloukh 61, Oliver Edvardsen 90 | E61: 46024 | F61: Villarreal (Estadio de la Cerámica)
A62: 8 | B62: Ajax | C62: Olympiacos | F62: Amsterdam (Johan Cruyff Arena)

Sheet Arsenal
A1: numer | B1: imię i nazwisko | C1: pozycja | D1: narodowość | E1: flaga | F1: data urodzenia | G1: wiek | H1: mecze | I1: minuty | J1: gole | K1: asysty | L1: żółte kartki | M1: czerwone kartki | N1: czyste konta | O1: kanadyjka | P1: obronione karne
A2: 1 | B2: David Raya | C2: bramkarz | D2: Hiszpania | E2: =IMAGE("https://flagcdn.com/w320/es.png") | F2: 34957 | G2: =DATEDIF(F2,TODAY(),"Y") -> 30 | H2: =1+1+1+1+1+1+1 -> 7 | I2: =90+90+90+90+90+90+90 -> 630 | N2: =1+1+1+1+1 -> 5 | O2: =J2+K2 -> 0
A3: 2 | B3: William Saliba | C3: obrońca | D3: Francja /Kamerun | E3: =IMAGE("https://flagcdn.com/w320/fr.png") | F3: 36974 | G3: =DATEDIF(F3,TODAY(),"Y") -> 24 | H3: =1+1+1+1+1 -> 5 | I3: =90+90+90+90+90 -> 450 | L3: =1 -> 1 | O3: =J3+K3 -> 0
A4: 3 | B4: Cristhian Mosquera | C4: obrońca | D4: Hiszpania /Kolumbia | E4: =IMAGE("https://flagcdn.com/w320/es.png") | F4: 38165 | G4: =DATEDIF(F4,TODAY(),"Y") -> 21 | H4: =1+1+1+1+1 -> 5 | I4: =90+16+19+90+74 -> 289 | O4: =J4+K4 -> 0
A5: 4 | B5: Ben White | C5: obrońca | D5: Anglia | E5: =IMAGE("https://flagcdn.com/w320/gb-eng.png") | F5: 35711 | G5: =DATEDIF(F5,TODAY(),"Y") -> 28 | H5: =1+1+1+1+1+1 -> 6 | I5: =57+8+18+11+82+27 -> 203 | L5: =1 -> 1 | O5: =J5+K5 -> 0
A6: 5 | B6: Piero Hincapié | C6: obrońca | D6: Ekwador | E6: =IMAGE("https://flagcdn.com/w320/ec.png") | F6: 37265 | G6: =DATEDIF(F6,TODAY(),"Y") -> 24 | H6: =1+1+1 -> 3 | I6: =1+72+62 -> 135 | O6: =J6+K6 -> 0
A7: 6 | B7: Gabriel Magalhães | C7: obrońca | D7: Brazylia | E7: =IMAGE("https://flagcdn.com/w320/br.png") | F7: 35783 | G7: =DATEDIF(F7,TODAY(),"Y") -> 28 | H7: =1+1+1+1+1 -> 5 | I7: =90+74+71+90+16 -> 341 | J7: =1 -> 1 | K7: =1 -> 1 | L7: =1 -> 1 | O7: =J7+K7 -> 2
A8: 7 | B8: Bukayo Saka | C8: napastnik | D8: Anglia /Nigeria | E8: =IMAGE("https://flagcdn.com/w320/gb-eng.png") | F8: 37139 | G8: =DATEDIF(F8,TODAY(),"Y") -> 24 | H8: =1+1+1+1+1+1 -> 6 | I8: =18+90+90+67+20+90 -> 375 | J8: =1+1 -> 2 | K8: =1+1 -> 2 | O8: =J8+K8 -> 4
A9: 8 | B9: Martin Ødegaard | C9: pomocnik | D9: Norwegia | E9: =IMAGE("https://flagcdn.com/w320/no.png") | F9: 36146 | G9: =DATEDIF(F9,TODAY(),"Y") -> 27 | H9: =1+1+1 -> 3 | I9: =90+11+71 -> 172 | K9: =1 -> 1 | O9: =J9+K9 -> 1
A10: 9 | B10: Gabriel Jesus | C10: napastnik | D10: Brazylia | E10: =IMAGE("https://flagcdn.com/w320/br.png") | F10: 35523 | G10: =DATEDIF(F10,TODAY(),"Y") -> 28 | H10: =1+1 -> 2 | I10: =29+74 -> 103 | J10: =2 -> 2 | O10: =J10+K10 -> 2
A11: 10 | B11: Eberechi Eze | C11: pomocnik | D11: Anglia /Nigeria | E11: =IMAGE("https://flagcdn.com/w320/gb-eng.png") | F11: 35975 | G11: =DATEDIF(F11,TODAY(),"Y") -> 27 | H11: =1+1+1+1+1+1 -> 6 | I11: =70+18+71+26+79+63 -> 327 | K11: =1+1 -> 2 | O11: =J11+K11 -> 2
A12: 11 | B12: Gabriel Martinelli | C12: napastnik | D12: Brazylia /Włochy | E12: =IMAGE("https://flagcdn.com/w320/br.png") | F12: 37060 | G12: =DATEDIF(F12,TODAY(),"Y") -> 24 | H12: =1+1+1+1+1+1 -> 6 | I12: =20+72+90+23+90+12 -> 307 | J12: =1+1+1+1+1 -> 5 | K12: =1 -> 1 | O12: =J12+K12 -> 6
A13: 12 | B13: Jurriën Timber | C13: obrońca | D13: Holandia /Curaçao | E13: =IMAGE("https://flagcdn.com/w320/nl.png") | F13: 37059 | G13: =DATEDIF(F13,TODAY(),"Y") -> 24 | H13: =1+1+1+1+1+1 -> 6 | I13: =90+33+82+72+79+63 -> 419 | J13: =1 -> 1 | O13: =J13+K13 -> 1
A14: 13 | B14: Kepa Arrizabalaga | C14: bramkarz | D14: Hiszpania | E14: =IMAGE("https://flagcdn.com/w320/es.png") | F14: 34610 | G14: =DATEDIF(F14,TODAY(),"Y") -> 31 | H14: =0 -> 0 | I14: =0 -> 0 | O14: =J14+K14 -> 0
A15: 14 | B15: Viktor Gyökeres | C15: napastnik | D15: Szwecja /Węgry | E15: =IMAGE("https://flagcdn.com/w320/se.png") | F15: 35950 | G15: =DATEDIF(F15,TODAY(),"Y") -> 27 | H15: =1+1+1+1+1 -> 5 | I15: =64+90+82+61+16 -> 313 | J15: =2+1 -> 3 | K15: =1 -> 1 | O15: =J15+K15 -> 4
A16: 16 | B16: Christian Nørgaard | C16: pomocnik | D16: Dania | E16: =IMAGE("https://flagcdn.com/w320/dk.png") | F16: 34403 | G16: =DATEDIF(F16,TODAY(),"Y") -> 31 | H16: =1+1+1+1 -> 4 | I16: =1+19+90+90 -> 200 | L16: =1+1 -> 2 | O16: =J16+K16 -> 0
A17: 19 | B17: Leandro Trossard | C17: napastnik | D17: Belgia | E17: =IMAGE("https://flagcdn.com/w320/be.png") | F17: 34672 | G17: =DATEDIF(F17,TODAY(),"Y") -> 31 | H17: =1+1+1+1+1 -> 5 | I17: =26+72+72+37+78 -> 285 | J17: =1 -> 1 | K17: =1+1+2 -> 4 | O17: =J17+K17 -> 5
A18: 20 | B18: Noni Madueke | C18: napastnik | D18: Anglia /Nigeria | E18: =IMAGE("https://flagcdn.com/w320/gb-eng.png") | F18: 37325 | G18: =DATEDIF(F18,TODAY(),"Y") -> 23 | H18: =1+1+1 -> 3 | I18: =89+53+70 -> 212 | J18: =1+2 -> 3 | L18: =1 -> 1 | O18: =J18+K18 -> 3
A19: 22 | B19: Ethan Nwaneri | C19: pomocnik | D19: Anglia /Nigeria | E19: =IMAGE("https://flagcdn.com/w320/gb-eng.png") | F19: 39162 | G19: =DATEDIF(F19,TODAY(),"Y") -> 18 | H19: =1+1+1 -> 3 | I19: =19+64+19 -> 102 | L19: =1 -> 1 | O19: =J19+K19 -> 0
A20: 23 | B20: Mikel Merino | C20: pomocnik | D20: Hiszpania | E20: =IMAGE("https://flagcdn.com/w320/es.png") | F20: 35238 | G20: =DATEDIF(F20,TODAY(),"Y") -> 29 | H20: =1+1+1+1+1+1+1 -> 7 | I20: =90+58+8+90+90+90+90 -> 516 | J20: =2 -> 2 | L20: =1+1+1 -> 3 | O20: =J20+K20 -> 2
A21: 29 | B21: Kai Havertz | C21: napastnik | D21: Niemcy | E21: =IMAGE("https://flagcdn.com/w320/de.png") | F21: 36322 | G21: =DATEDIF(F21,TODAY(),"Y") -> 26 | O21: =J21+K21 -> 0
A22: 33 | B22: Ricciardo Calafiori | C22: obrońca | D22: Włochy | E22: =IMAGE("https://flagcdn.com/w320/it.png") | F22: 37395 | G22: =DATEDIF(F22,TODAY(),"Y") -> 23 | H22: =1+1+1 -> 3 | I22: =89+23+28 -> 140 | K22: =1 -> 1 | O22: =J22+K22 -> 1
A23: 35 | B23: Tommy Setford | C23: bramkarz | D23: Anglia /Holandia | E23: =IMAGE("https://flagcdn.com/w320/gb-eng.png") | F23: 38789 | G23: =DATEDIF(F23,TODAY(),"Y") -> 19 | H23: =0 -> 0 | I23: =0 -> 0 | O23: =J23+K23 -> 0
A24: 36 | B24: Martín Zubimendi | C24: pomocnik | D24: Hiszpania | E24: =IMAGE("https://flagcdn.com/w320/es.png") | F24: 36496 | G24: =DATEDIF(F24,TODAY(),"Y") -> 26 | H24: =1+1+1+1+1+1 -> 6 | I24: =90+90+71+90+90+90 -> 521 | K24: =2 -> 2 | L24: =1+1+1 -> 3 | O24: =J24+K24 -> 2
A25: 38 | B25: Louie Copley | C25: pomocnik | D25: Anglia | E25: =IMAGE("https://flagcdn.com/w320/gb-eng.png") | F25: 39010 | G25: =DATEDIF(F25,TODAY(),"Y") -> 19 | H25: 0 | I25: 0 | O25: =J25+K25 -> 0
A26: 39 | B26: Harrison Dudziak | C26: pomocnik | D26: Anglia /Polska | E26: =IMAGE("https://flagcdn.com/w320/gb-eng.png") | F26: 38726 | G26: =DATEDIF(F26,TODAY(),"Y") -> 20 | O26: =J26+K26 -> 0
A27: 40 | B27: Sebastian Ferdinand | C27: napastnik | D27: Anglia | E27: =IMAGE("https://flagcdn.com/w320/gb-eng.png") | F27: 38729 | G27: =DATEDIF(F27,TODAY(),"Y") -> 20 | O27: =J27+K27 -> 0
A28: 41 | B28: Declan Rice | C28: pomocnik | D28: Anglia /Irlandia | E28: =IMAGE("https://flagcdn.com/w320/gb-eng.png") | F28: 36174 | G28: =DATEDIF(F28,TODAY(),"Y") -> 27 | H28: =1+1+1+1+1+1 -> 6 | I28: =90+32+90+80+90+27 -> 409 | K28: =1+1 -> 2 | L28: =1+1+1 -> 3 | O28: =J28+K28 -> 2
A29: 42 | B29: Cam'ron Ismail | C29: obrońca | D29: Egipt /Anglia | E29: =IMAGE("https://flagcdn.com/w320/eg.png") | F29: 39043 | G29: =DATEDIF(F29,TODAY(),"Y") -> 19 | O29: =J29+K29 -> 0
A30: 44 | B30: Maldini Kacurri | C30: obrońca | D30: Albania /Anglia | E30: =IMAGE("https://flagcdn.com/w320/al.png") | F30: 38629 | G30: =DATEDIF(F30,TODAY(),"Y") -> 20 | O30: =J30+K30 -> 0
A31: 45 | B31: Osman Kamara | C31: napastnik | D31: Sierra Leone /Anglia | E31: =IMAGE("https://flagcdn.com/w320/sl.png") | F31: 38935 | G31: =DATEDIF(F31,TODAY(),"Y") -> 19 | O31: =J31+K31 -> 0
A32: 48 | B32: Josh Nichols | C32: obrońca | D32: Anglia /Nigeria | E32: =IMAGE("https://flagcdn.com/w320/gb-eng.png") | F32: 38924 | G32: =DATEDIF(F32,TODAY(),"Y") -> 19 | H32: 0 | I32: 0 | O32: =J32+K32 -> 0
A33: 49 | B33: Myles Lewis-Skelly | C33: obrońca | D33: Anglia /Barbados | E33: =IMAGE("https://flagcdn.com/w320/gb-eng.png") | F33: 38986 | G33: =DATEDIF(F33,TODAY(),"Y") -> 19 | H33: =1+1+1+1+1+1 -> 6 | I33: =90+90+18+67+90+90 -> 445 | K33: =1+1 -> 2 | L33: =1 -> 1 | O33: =J33+K33 -> 2
A34: 50 | B34: Daniel Oyetunde | C34: napastnik | D34: Anglia /Nigeria | E34: =IMAGE("https://flagcdn.com/w320/gb-eng.png") | F34: 39047 | G34: =DATEDIF(F34,TODAY(),"Y") -> 19 | O34: =J34+K34 -> 0
A35: 51 | B35: Alexéi Rojas | C35: bramkarz | D35: Kolumbia /Anglia | E35: =IMAGE("https://flagcdn.com/w320/co.png") | F35: 38623 | G35: =DATEDIF(F35,TODAY(),"Y") -> 20 | O35: =J35+K35 -> 0
A36: 53 | B36: Charles Sagoe Jr | C36: pomocnik | D36: Anglia /Ghana | E36: =IMAGE("https://flagcdn.com/w320/gb-eng.png") | F36: 38192 | G36: =DATEDIF(F36,TODAY(),"Y") -> 21 | H36: 0 | I36: 0 | O36: =J36+K36 -> 0
A37: 54 | B37: William Sweet | C37: obrońca | D37: Walia /Anglia | E37: =IMAGE("https://flagcdn.com/w320/gb-wls.png") | F37: 38992 | G37: =DATEDIF(F37,TODAY(),"Y") -> 19 | O37: =J37+K37 -> 0
A38: 56 | B38: Max Dowman | C38: pomocnik | D38: Anglia | E38: =IMAGE("https://flagcdn.com/w320/gb-eng.png") | F38: 40168 | G38: =DATEDIF(F38,TODAY(),"Y") -> 16 | H38: =1 -> 1 | I38: =18 -> 18 | O38: =J38+K38 -> 0
A39: 70 | B39: Samuel Chapman | C39: obrońca | D39: Anglia | E39: =IMAGE("https://flagcdn.com/w320/gb-eng.png") | F39: 39365 | G39: =DATEDIF(F39,TODAY(),"Y") -> 18 | O39: =J39+K39 -> 0
A40: 71 | B40: Andre Harriman-Annous | C40: pomocnik | D40: Anglia | E40: =IMAGE("https://flagcdn.com/w320/gb-eng.png") | F40: 39443 | G40: =DATEDIF(F40,TODAY(),"Y") -> 18 | H40: =1 -> 1 | I40: =10 -> 10 | O40: =J40+K40 -> 0
A41: 72 | B41: Ife Ibrahim | C41: pomocnik | D41: Anglia /Nigeria | E41: =IMAGE("https://flagcdn.com/w320/gb-eng.png") | F41: 39467 | G41: =DATEDIF(F41,TODAY(),"Y") -> 18
A42: 73 | B42: Theo Julienne | C42: pomocnik | D42: Anglia | E42: =IMAGE("https://flagcdn.com/w320/gb-eng.png") | F42: 39458 | G42: =DATEDIF(F42,TODAY(),"Y") -> 18
A43: 74 | B43: Aleksander Marciniak | C43: pomocnik | D43: Walia /Polska | E43: =IMAGE("https://flagcdn.com/w320/gb-wls.png") | F43: 39465 | G43: =DATEDIF(F43,TODAY(),"Y") -> 18
A44: 75 | B44: Josh Ohunnaike | C44: obrońca | D44: Anglia | E44: =IMAGE("https://flagcdn.com/w320/gb-eng.png") | F44: 39542 | G44: =DATEDIF(F44,TODAY(),"Y") -> 17
A45: 77 | B45: Samuel Onyekachukwu | C45: obrońca | D45: Anglia | E45: =IMAGE("https://flagcdn.com/w320/gb-eng.png") | F45: 39430 | G45: =DATEDIF(F45,TODAY(),"Y") -> 18
A46: 78 | B46: Jack Porter | C46: bramkarz | D46: Anglia | E46: =IMAGE("https://flagcdn.com/w320/gb-eng.png") | F46: 39644 | G46: =DATEDIF(F46,TODAY(),"Y") -> 17
A47: 79 | B47: Khari Ranson | C47: bramkarz | D47: Anglia /Nigeria | E47: =IMAGE("https://flagcdn.com/w320/gb-eng.png") | F47: 39338 | G47: =DATEDIF(F47,TODAY(),"Y") -> 18
A48: 80 | B48: Louis Zečević-John | C48: napastnik | D48: Serbia /Anglia | E48: =IMAGE("https://flagcdn.com/w320/rs.png") | F48: 39467 | G48: =DATEDIF(F48,TODAY(),"Y") -> 18
A49: 81 | B49: Brandon Bailey-Joseph | C49: pomocnik | D49: Anglia | E49: =IMAGE("https://flagcdn.com/w320/gb-eng.png") | F49: 39723 | G49: =DATEDIF(F49,TODAY(),"Y") -> 17
A50: 82 | B50: Marley Frohock | C50: napastnik | D50: Anglia /Nigeria | E50: =IMAGE("https://flagcdn.com/w320/gb-eng.png") | F50: 39701 | G50: =DATEDIF(F50,TODAY(),"Y") -> 17
A51: 84 | B51: Maalik Hashi | C51: pomocnik | D51: Anglia /Somalia | E51: =IMAGE("https://flagcdn.com/w320/gb-eng.png") | F51: 39699 | G51: =DATEDIF(F51,TODAY(),"Y") -> 17
A52: 85 | B52: Josiah King | C52: obrońca | D52: Anglia | E52: =IMAGE("https://flagcdn.com/w320/gb-eng.png") | F52: 39835 | G52: =DATEDIF(F52,TODAY(),"Y") -> 17
A53: 86 | B53: Teshaun Murisa | C53: obrońca | D53: Anglia /Zimbabwe | E53: =IMAGE("https://flagcdn.com/w320/gb-eng.png") | F53: 39712 | G53: =DATEDIF(F53,TODAY(),"Y") -> 17
A54: 88 | B54: Abraham Owusu-Gyasi | C54: obrońca | D54: Anglia | E54: =IMAGE("https://flagcdn.com/w320/gb-eng.png") | F54: 39823 | G54: =DATEDIF(F54,TODAY(),"Y") -> 17
A55: 89 | B55: Marli Salmon | C55: obrońca | D55: Anglia | E55: =IMAGE("https://flagcdn.com/w320/gb-eng.png") | F55: 40054 | G55: =DATEDIF(F55,TODAY(),"Y") -> 16 | H55: =1 -> 1 | I55: =8 -> 8
A56: 90 | B56: Saurap Sampang | C56: pomocnik | D56: Anglia /Nepal | E56: =IMAGE("https://flagcdn.com/w320/gb-eng.png") | F56: 39845 | G56: =DATEDIF(F56,TODAY(),"Y") -> 16
A57: 91 | B57: Patrick Stachow | C57: obrońca | D57: Polska /Anglia | E57: =IMAGE("https://flagcdn.com/w320/pl.png") | F57: 39893 | G57: =DATEDIF(F57,TODAY(),"Y") -> 16
A58: 92 | B58: Joshua Tahou | C58: obrońca | D58: Anglia | E58: =IMAGE("https://flagcdn.com/w320/gb-eng.png") | F58: 39867 | G58: =DATEDIF(F58,TODAY(),"Y") -> 16
A59: 93 | B59: Jack Talbot | C59: bramkarz | D59: Anglia | E59: =IMAGE("https://flagcdn.com/w320/gb-eng.png") | F59: 39715 | G59: =DATEDIF(F59,TODAY(),"Y") -> 17
H60: =SUM(H2:H59) -> 111 | I60: =SUM(I2:I59) -> 6930 | J60: =SUM(J2:J59) -> 20 | K60: =SUM(K2:K59) -> 19 | L60: =SUM(L2:L59) -> 17 | M60: =SUM(M2:M59) -> 0 | N60: =SUM(N2:N59) -> 5 | O60: =SUM(O2:O59) -> 39 | P60: =SUM(P2:P59) -> 0
A61: numer | B61: imię i nazwisko | C61: rola | D61: narodowość | E61: flaga | F61: data urodzenia | G61: wiek | H61: mecze | I61: punkty | J61: strzelone | K61: stracone | L61: wygrane | M61: remisy | N61: porażki
B62: Mikel Arteta | C62: trener | D62: Hiszpania | E62: =IMAGE("https://flagcdn.com/w320/es.png") | F62: 30036 | G62: =DATEDIF(F62,TODAY(),"Y") -> 43 | H62: =L62+M62+N62 -> 7 | I62: =(3*L62)+M62 -> 21 | J62: =2+2+4+3+3+3+3 -> 20 | K62: =1+1 -> 2 | L62: =1+1+1+1+1+1+1 -> 7 | M62: =0 -> 0 | N62: =0 -> 0
H63: =SUM(trenerArsenal[mecze]) -> 7 | I63: =SUM(trenerArsenal[punkty]) -> 21 | J63: =SUM(trenerArsenal[strzelone]) -> 20 | K63: =SUM(trenerArsenal[stracone]) -> 2 | L63: =SUM(trenerArsenal[wygrane]) -> 7 | M63: =SUM(trenerArsenal[remisy]) -> 0 | N63: =SUM(trenerArsenal[porażki]) -> 0
A64: kolejka | B64: gospodarze | C64: goście | D64: gole dla Arsenalu | E64: wynik | F64: stadion
A65: 1 | B65: Athletic Bilbao | C65: Arsenal | D65: Gabriel Martinelli 72, Leonardo Trossard 87 | E65: 0-2 | F65: Bilbao (San Mamés)
A66: 2 | B66: Arsenal | C66: Olympiacos | D66: Gabriel Martinelli 12, Bukayo Saka 90 | E66: 2-0 | F66: Londyn (Emirates Stadium)
A67: 3 | B67: Arsenal | C67: Atlético Madyt | D67: Gabriel 57, Gabriel Martinelli 64, Viktor Gyökeres 67, 70 | E67: 4-0 | F67: Londyn (Emirates Stadium)
A68: 4 | B68: Slavia Praga | C68: Arsenal | D68: Bukayo Saka 32 (k), Mikel Merino 46, 68 | E68: 0-3 | F68: Praga (Fortuna Arena)
A69: 5 | B69: Arsenal | C69: Bayern Monachium | D69: Jurriën Timber 22, Noni Madueke 69, Gabriel Martinelli 77 | E69: 45717 | F69: Londyn (Emirates Stadium)
A70: 6 | B70: Club Brugge | C70: Arsenal | D70: Noni Madueke 25, 47, Gabriel Martinelli 56 | E70: 0-3 | F70: Brugia (Jan Breydel Stadium)
A71: 7 | B71: Inter Mediolan | C71: Arsenal | D71: Gabriel Jesus 10, 31, Viktor Gyökeres 84 | E71: 46025 | F71: Mediolan (Stadio Giuseppe Meazza)
A72: 8 | B72: Arsenal | C72: Kairat | F72: Londyn (Emirates Stadium)

Sheet Atalanta
A1: numer | B1: imię i nazwisko | C1: pozycja | D1: narodowość | E1: flaga | F1: data urodzenia | G1: wiek | H1: mecze | I1: minuty | J1: gole | K1: asysty | L1: żółte kartki | M1: czerwone kartki | N1: czyste konta | O1: kandyjka | P1: obronione karne
A2: 3 | B2: Odilon Kossounou | C2: obrońca | D2: Wybrzeże Kości Słoniowej | E2: =IMAGE("https://flagcdn.com/w320/ci.png") | F2: 36895 | G2: =DATEDIF(F2,TODAY(),"Y") -> 25 | H2: =1+1+1+1+1+1+1 -> 7 | I2: =90+52+90+54+90+90+90 -> 556 | O2: =J2+K2 -> 0
A3: 4 | B3: Isak Hien | C3: obrońca | D3: Szwecja /Ghana | E3: =IMAGE("https://flagcdn.com/w320/se.png") | F3: 36173 | G3: =DATEDIF(F3,TODAY(),"Y") -> 27 | H3: =1+1+1+1 -> 4 | I3: =90+90+36+90 -> 306 | O3: =J3+K3 -> 0
A4: 5 | B4: Mitchel Bakker | C4: obrońca | D4: Holandia | E4: =IMAGE("https://flagcdn.com/w320/nl.png") | F4: 36697 | G4: =DATEDIF(F4,TODAY(),"Y") -> 25 | O4: =J4+K4 -> 0
A5: 6 | B5: Yunus Musah | C5: pomocnik | D5: USA /Anglia | E5: =IMAGE("https://flagcdn.com/w320/us.png") | F5: 37589 | G5: =DATEDIF(F5,TODAY(),"Y") -> 23 | H5: =1+1+1+1+1 -> 5 | I5: =74+38+16+22+4 -> 154 | K5: =1 -> 1 | L5: =1+1 -> 2 | O5: =J5+K5 -> 1
A6: 7 | B6: Kamaldeen Sulemana | C6: napastnik | D6: Ghana | E6: =IMAGE("https://flagcdn.com/w320/gh.png") | F6: 37302 | G6: =DATEDIF(F6,TODAY(),"Y") -> 23 | H6: =1+1+1+1 -> 4 | I6: =30+29+9+9 -> 77 | O6: =J6+K6 -> 0
A7: 8 | B7: Mario Pašalić | C7: pomocnik | D7: Chorwacja | E7: =IMAGE("https://flagcdn.com/w320/hr.png") | F7: 34739 | G7: =DATEDIF(F7,TODAY(),"Y") -> 30 | H7: =1+1+1+1 -> 4 | I7: =90+90+45+4 -> 229 | J7: =1 -> 1 | O7: =J7+K7 -> 1
A8: 9 | B8: Gianluca Scamacca | C8: napastnik | D8: Włochy | E8: =IMAGE("https://flagcdn.com/w320/it.png") | F8: 36161 | G8: =DATEDIF(F8,TODAY(),"Y") -> 27 | H8: =1+1+1+1+1 -> 5 | I8: =29+7+68+70+65 -> 239 | J8: =1+1 -> 2 | K8: =1 -> 1 | O8: =J8+K8 -> 3
A9: 10 | B9: Lazar Samardžić | C9: pomocnik | D9: Serbia /Niemcy | E9: =IMAGE("https://flagcdn.com/w320/rs.png") | F9: 37311 | G9: =DATEDIF(F9,TODAY(),"Y") -> 23 | H9: =1+1+1+1+1 -> 5 | I9: =45+30+1+7+15 -> 98 | J9: =1+1 -> 2 | O9: =J9+K9 -> 2
A10: 11 | B10: Ademola Lookman | C10: napastnik | D10: Nigeria /Anglia | E10: =IMAGE("https://flagcdn.com/w320/ng.png") | F10: 35723 | G10: =DATEDIF(F10,TODAY(),"Y") -> 28 | H10: =1+1+1+1+1+1 -> 6 | I10: =60+61+74+81+86+25 -> 387 | J10: =1 -> 1 | K10: =1+1 -> 2 | O10: =J10+K10 -> 3
A11: 13 | B11: Éderson | C11: pomocnik | D11: Brazylia | E11: =IMAGE("https://flagcdn.com/w320/br.png") | F11: 36348 | G11: =DATEDIF(F11,TODAY(),"Y") -> 26 | H11: =1+1+1+1+1+1 -> 6 | I11: =60+90+90+68+86+90 -> 484 | J11: =1 -> 1 | L11: =1 -> 1 | O11: =J11+K11 -> 1
A12: 15 | B12: Marten de Roon | C12: pomocnik | D12: Holandia | E12: =IMAGE("https://flagcdn.com/w320/nl.png") | F12: 33326 | G12: =DATEDIF(F12,TODAY(),"Y") -> 34 | H12: =1+1+1+1+1+1+1 -> 7 | I12: =90+90+90+45+90+90+90 -> 585 | K12: =1 -> 1 | L12: =1+1 -> 2 | O12: =J12+K12 -> 1
A13: 16 | B13: Raoul Bellanova | C13: pomocnik | D13: Włochy | E13: =IMAGE("https://flagcdn.com/w320/it.png") | F13: 36663 | G13: =DATEDIF(F13,TODAY(),"Y") -> 25 | H13: =1+1+1+1+1+1 -> 6 | I13: =90+45+17+90+90+16 -> 348 | L13: =1 -> 1 | O13: =J13+K13 -> 0
A14: 17 | B14: Charles De Keteleare | C14: pomocnik | D14: Belgia | E14: =IMAGE("https://flagcdn.com/w320/be.png") | F14: 36960 | G14: =DATEDIF(F14,TODAY(),"Y") -> 24 | H14: =1+1+1+1+1+1 -> 6 | I14: =45+89+83+90+90+90 -> 487 | J14: =1+1 -> 2 | K14: =1+1 -> 2 | O14: =J14+K14 -> 4
A15: 19 | B15: Berat Djimsiti | C15: obrońca | D15: Albania /Szwajcaria | E15: =IMAGE("https://flagcdn.com/w320/al.png") | F15: 34019 | G15: =DATEDIF(F15,TODAY(),"Y") -> 32 | H15: =1+1+1+1+1+1+1 -> 7 | I15: =74+90+90+90+73+90+90 -> 597 | L15: =1 -> 1 | O15: =J15+K15 -> 0
A16: 23 | B16: Sead Kolašinac | C16: obrońca | D16: Bośnia i Hercegowina /Niemcy | E16: =IMAGE("https://flagcdn.com/w320/ba.png") | F16: 34140 | G16: =DATEDIF(F16,TODAY(),"Y") -> 32 | H16: =1+1+1 -> 3 | I16: =17+70+75 -> 162 | O16: =J16+K16 -> 0
A17: 29 | B17: Marco Carnesecchi | C17: bramkarz | D17: Włochy | E17: =IMAGE("https://flagcdn.com/w320/it.png") | F17: 36708 | G17: =DATEDIF(F17,TODAY(),"Y") -> 25 | H17: =1+1+1+1+1+1+1 -> 7 | I17: =90+90+90+90+90+90+90 -> 630 | L17: =1 -> 1 | N17: =1+1+1 -> 3 | O17: =J17+K17 -> 0 | P17: =1 -> 1
A18: 31 | B18: Francesco Rossi | C18: bramkarz | D18: Włochy | E18: =IMAGE("https://flagcdn.com/w320/it.png") | F18: 33355 | G18: =DATEDIF(F18,TODAY(),"Y") -> 34 | H18: 0 | I18: 0 | O18: =J18+K18 -> 0
A19: 40 | B19: Relja Obrić | C19: obrońca | D19: Słowenia /Serbia | E19: =IMAGE("https://flagcdn.com/w320/si.png") | F19: 38818 | G19: =DATEDIF(F19,TODAY(),"Y") -> 19 | H19: 0 | I19: 0 | O19: =J19+K19 -> 0
A20: 41 | B20: Henry Camara | C20: napastnik | D20: Gwinea /Francja | E20: =IMAGE("https://flagcdn.com/w320/gn.png") | F20: 38843 | G20: =DATEDIF(F20,TODAY(),"Y") -> 19 | H20: 0 | I20: 0 | O20: =J20+K20 -> 0
A21: 42 | B21: Giorgio Scalvini | C21: obrońca | D21: Włochy | E21: =IMAGE("https://flagcdn.com/w320/it.png") | F21: 37966 | G21: =DATEDIF(F21,TODAY(),"Y") -> 22 | H21: =1 -> 1 | I21: =10 -> 10 | O21: =J21+K21 -> 0
A22: 44 | B22: Marco Brescianini | C22: pomocnik | D22: Włochy | E22: =IMAGE("https://flagcdn.com/w320/it.png") | F22: 36545 | G22: =DATEDIF(F22,TODAY(),"Y") -> 26 | H22: =1+1 -> 2 | I22: =16+3 -> 19 | O22: =J22+K22 -> 0
A23: 47 | B23: Lorenzo Bernasconi | C23: obrońca | D23: Włochy | E23: =IMAGE("https://flagcdn.com/w320/it.png") | F23: 37941 | G23: =DATEDIF(F23,TODAY(),"Y") -> 22 | H23: =1+1+1+1+1 -> 5 | I23: =90+90+45+90+81 -> 396 | O23: =J23+K23 -> 0
A24: 57 | B24: Marco Sportiello | C24: bramkarz | D24: Włochy | E24: =IMAGE("https://flagcdn.com/w320/it.png") | F24: 33734 | G24: =DATEDIF(F24,TODAY(),"Y") -> 33 | H24: 0 | I24: 0 | O24: =J24+K24 -> 0
A25: 59 | B25: Nicola Zalewski | C25: pomocnik | D25: Polska /Włochy | E25: =IMAGE("https://flagcdn.com/w320/pl.png") | F25: 37279 | G25: =DATEDIF(F25,TODAY(),"Y") -> 24 | H25: =1+1+1 -> 3 | I25: =45+22+65 -> 132 | K25: =1 -> 1 | O25: =J25+K25 -> 1
A26: 69 | B26: Honest Ahanor | C26: obrońca | D26: Włochy /Nigeria | E26: =IMAGE("https://flagcdn.com/w320/it.png") | F26: 39501 | G26: =DATEDIF(F26,TODAY(),"Y") -> 17 | H26: =1+1+1+1+1 -> 5 | I26: =6+90+90+20+15 -> 221 | O26: =J26+K26 -> 0
A27: 70 | B27: Daniel Maldini | C27: pomocnik | D27: Włochy /Wenezuela | E27: =IMAGE("https://flagcdn.com/w320/it.png") | F27: 37175 | G27: =DATEDIF(F27,TODAY(),"Y") -> 24 | H27: =1 -> 1 | I27: =45 -> 45 | O27: =J27+K27 -> 0
A28: 77 | B28: Davide Zappacosta | C28: pomocnik | D28: Włochy | E28: =IMAGE("https://flagcdn.com/w320/it.png") | F28: 33766 | G28: =DATEDIF(F28,TODAY(),"Y") -> 33 | H28: =1+1+1+1+1+1 -> 6 | I28: =45+73+90+68+74+75 -> 425 | O28: =J28+K28 -> 0
A29: 90 | B29: Nikola Krstović | C29: napastnik | D29: Czarnogóra /Serbia | E29: =IMAGE("https://flagcdn.com/w320/me.png") | F29: 36621 | G29: =DATEDIF(F29,TODAY(),"Y") -> 25 | H29: =1+1+1+1+1+1+1 -> 7 | I29: =45+87+61+83+22+20+25 -> 343 | J29: =1 -> 1 | O29: =J29+K29 -> 1
H30: =SUM(H2:H29) -> 112 | I30: =SUM(I2:I29) -> 6930 | J30: =SUM(J2:J29) -> 10 | K30: =SUM(K2:K29) -> 8 | L30: =SUM(L2:L29) -> 8 | M30: =SUM(M2:M29) -> 0 | N30: =SUM(N2:N29) -> 3 | O30: =SUM(O2:O29) -> 18 | P30: =SUM(P2:P29) -> 1
A31: lp | B31: imię i nazwisko | C31: rola | D31: narodowość | E31: flaga | F31: data urodzenia | G31: wiek | H31: mecze | I31: punkty | J31: strzelone | K31: stracone | L31: wygrane | M31: remisy | N31: porażki
B32: Ivan Jurić | C32: trener | D32: Chorwacja | E32: =IMAGE("https://flagcdn.com/w320/hr.png") | F32: 27631 | G32: =DATEDIF(F32,TODAY(),"Y") -> 50 | H32: =L32+M32+N32 -> 4 | I32: =(3*L32)+M32 -> 7 | J32: =2+1 -> 3 | K32: =4+1 -> 5 | L32: =1+1 -> 2 | M32: =1 -> 1 | N32: =1 -> 1
B33: Raffaele Palladino | C33: trener | D33: Włochy | E33: =IMAGE("https://flagcdn.com/w320/it.png") | F33: 30789 | G33: =DATEDIF(F33,TODAY(),"Y") -> 41 | H33: =L33+M33+N33 -> 3 | I33: =(3*L33)+M33 -> 6 | J33: =3+2+2 -> 7 | K33: =1+3 -> 4 | L33: =1+1 -> 2 | M33: =0 -> 0 | N33: =1 -> 1
H34: =SUM(H32:H33) -> 7 | I34: =SUM(I32:I33) -> 13 | J34: =SUM(J32:J33) -> 10 | K34: =SUM(K32:K33) -> 9 | L34: =SUM(L32:L33) -> 4 | M34: =SUM(M32:M33) -> 1 | N34: =SUM(N32:N33) -> 2
A35: kolejka | B35: gospodarze | C35: goście | D35: gole dla Atalanty | E35: wynik | F35: stadion
A36: 1 | B36: Paris Saint-Germain | C36: Atalanta | E36: 4-0 | F36: Paryż (Parc des Princes)
A37: 2 | B37: Atalanta | C37: Club Brugge | D37: Lazar Samardžić 74 (k), Mario Pašalić 87 | E37: 45689 | F37: Bergamo (Stadio Atleti Azzurri d'Italia)
A38: 3 | B38: Atalanta | C38: Slavia Praga | E38: 0-0 | F38: Bergamo (Stadio Atleti Azzurri d'Italia)
A39: 4 | B39: Marsylia | C39: Atalanta | D39: Lazar Samardžić 90 | E39: 0-1 | F39: Marsylia (Stade Vélodrome)
A40: 5 | B40: Eintracht Frankfurt | C40: Atalanta | D40: Ademola Lookman 60, Éderson 63, Charles De Ketelaere 65 | E40: 0-3 | F40: Frankfurt (Waldstadion)
A41: 6 | B41: Atalanta | C41: Chelsea | D41: Gianluca Scamacca 55, Charles De Keteleare 83 | E41: 45689 | F41: Bergamo (Stadio Atleti Azzurri d'Italia)
A42: 7 | B42: Atalanta | C42: Athletic Bilbao | D42: Gianluca Scamacca 16, Nikola Krstović 88 | E42: 46056 | F42: Bergamo (Stadio Atleti Azzurri d'Italia)
A43: 8 | B43: Union Saint-Gilloise | C43: Atalanta | F43: Bruksela (Constant Vanden Stock Stadium)

Sheet Athletic
A1: numer | B1: imię i nazwisko | C1: pozycja | D1: narodowość | E1: flaga | F1: data urodzenia | G1: wiek | H1: mecze | I1: minuty | J1: gole | K1: asysty | L1: żółte kartki | M1: czerwone kartki | N1: czyste konta | O1: kanadyjka | P1: obronione karne
A2: 1 | B2: Unai Simón | C2: bramkarz | D2: Hiszpania | E2: =IMAGE("https://flagcdn.com/w320/es.png") | F2: 35592 | G2: =DATEDIF(F2,TODAY(),"Y") -> 28 | H2: =1+1+1+1+1+1+1 -> 7 | I2: =90+90+90+90+90+90+90 -> 630 | N2: =1+1 -> 2 | O2: =J2+K2 -> 0
A3: 2 | B3: Andoni Gorosabel | C3: obrońca | D3: Hiszpania | E3: =IMAGE("https://flagcdn.com/w320/es.png") | F3: 35281 | G3: =DATEDIF(F3,TODAY(),"Y") -> 29 | H3: =1+1+1+1+1+1 -> 6 | I3: =90+90+64+13+18+80 -> 355 | L3: =1 -> 1 | O3: =J3+K3 -> 0
A4: 3 | B4: Dani Vivian | C4: obrońca | D4: Hiszpania | E4: =IMAGE("https://flagcdn.com/w320/es.png") | F4: 36346 | G4: =DATEDIF(F4,TODAY(),"Y") -> 26 | H4: =1+1+1+1+1+1 -> 6 | I4: =90+45+90+90+90+90 -> 495 | L4: =1 -> 1 | O4: =J4+K4 -> 0
A5: 4 | B5: Aitor Paredes | C5: obrońca | D5: Hiszpania | E5: =IMAGE("https://flagcdn.com/w320/es.png") | F5: 36645 | G5: =DATEDIF(F5,TODAY(),"Y") -> 25 | H5: =1+1+1+1+1+1 -> 6 | I5: =90+90+90+90+90+90 -> 540 | L5: =1+1+1 -> 3 | O5: =J5+K5 -> 0
A6: 5 | B6: Yeray Álvarez | C6: obrońca | D6: Hiszpania | E6: =IMAGE("https://flagcdn.com/w320/es.png") | F6: 34723 | G6: =DATEDIF(F6,TODAY(),"Y") -> 31 | O6: =J6+K6 -> 0
A7: 6 | B7: Mikel Vesga | C7: pomocnik | D7: Hiszpania | E7: =IMAGE("https://flagcdn.com/w320/es.png") | F7: 34067 | G7: =DATEDIF(F7,TODAY(),"Y") -> 32 | H7: =1+1+1+1+1 -> 5 | I7: =80+10+90+13+32 -> 225 | O7: =J7+K7 -> 0
A8: 7 | B8: Álex Berenguer | C8: pomocnik | D8: Hiszpania | E8: =IMAGE("https://flagcdn.com/w320/es.png") | F8: 34884 | G8: =DATEDIF(F8,TODAY(),"Y") -> 30 | H8: =1+1+1+1+1 -> 5 | I8: =90+53+90+56+90 -> 379 | K8: =1 -> 1 | L8: =1 -> 1 | O8: =J8+K8 -> 1
A9: 8 | B9: Oihan Sancet | C9: pomocnik | D9: Hiszpania | E9: =IMAGE("https://flagcdn.com/w320/es.png") | F9: 36641 | G9: =DATEDIF(F9,TODAY(),"Y") -> 25 | H9: =1+1+1+1+1 -> 5 | I9: =67+80+56+72+45 -> 320 | K9: =1 -> 1 | O9: =J9+K9 -> 1
A10: 9 | B10: Iñaki Williams | C10: napastnik | D10: Ghana /Hiszpania | E10: =IMAGE("https://flagcdn.com/w320/gh.png") | F10: 34500 | G10: =DATEDIF(F10,TODAY(),"Y") -> 31 | H10: =1+1+1 -> 3 | I10: =90+45+64 -> 199 | O10: =J10+K10 -> 0
A11: 10 | B11: Nico Williams | C11: napastnik | D11: Hiszpania /Ghana | E11: =IMAGE("https://flagcdn.com/w320/es.png") | F11: 37449 | G11: =DATEDIF(F11,TODAY(),"Y") -> 23 | H11: =1+1+1 -> 3 | I11: =37+34+90 -> 161 | O11: =J11+K11 -> 0
A12: 11 | B12: Gorka Guruzeta | C12: napastnik | D12: Hiszpania | E12: =IMAGE("https://flagcdn.com/w320/es.png") | F12: 35320 | G12: =DATEDIF(F12,TODAY(),"Y") -> 29 | H12: =1+1+1+1+1+1 -> 6 | I12: =23+45+90+78+61+90 -> 387 | J12: =1+2+1 -> 4 | L12: =1 -> 1 | O12: =J12+K12 -> 4
A13: 12 | B13: Jesús Areso | C13: obrońca | D13: Hiszpania | E13: =IMAGE("https://flagcdn.com/w320/es.png") | F13: 36343 | G13: =DATEDIF(F13,TODAY(),"Y") -> 26 | H13: =1+1+1+1+1 -> 5 | I13: =26+77+78+72+10 -> 263 | L13: =1 -> 1 | O13: =J13+K13 -> 0
A14: 14 | B14: Aymeric Laporte | C14: obrońca | D14: Hiszpania /Francja | E14: =IMAGE("https://flagcdn.com/w320/es.png") | F14: 34481 | G14: =DATEDIF(F14,TODAY(),"Y") -> 31 | H14: =1+1 -> 2 | I14: =45+90 -> 135 | O14: =J14+K14 -> 0
A15: 15 | B15: Iñigo Lekue | C15: obrońca | D15: Hiszpania | E15: =IMAGE("https://flagcdn.com/w320/es.png") | F15: 34093 | G15: =DATEDIF(F15,TODAY(),"Y") -> 32 | H15: =1+1+1 -> 3 | I15: =90+12+90 -> 192 | O15: =J15+K15 -> 0
A16: 16 | B16: Iñigo Ruiz de Galarreta | C16: pomocnik | D16: Hiszpania | E16: =IMAGE("https://flagcdn.com/w320/es.png") | F16: 34187 | G16: =DATEDIF(F16,TODAY(),"Y") -> 32 | H16: =1+1+1+1+1+1 -> 6 | I16: =45+26+10+63+77+32 -> 253 | L16: =1 -> 1 | O16: =J16+K16 -> 0
A17: 17 | B17: Yuri Berchiche | C17: obrońca | D17: Hiszpania /Algieria | E17: =IMAGE("https://flagcdn.com/w320/es.png") | F17: 32914 | G17: =DATEDIF(F17,TODAY(),"Y") -> 35 | H17: =1+1+1 -> 3 | I17: =23+90+90 -> 203 | O17: =J17+K17 -> 0
A18: 18 | B18: Mikel Jauregizar | C18: pomocnik | D18: Hiszpania | E18: =IMAGE("https://flagcdn.com/w320/es.png") | F18: 37938 | G18: =DATEDIF(F18,TODAY(),"Y") -> 22 | H18: =1+1+1+1+1+1+1 -> 7 | I18: =90+45+90+69+27+72+58 -> 451 | K18: =2 -> 2 | L18: =1+1+1 -> 3 | O18: =J18+K18 -> 2
A19: 19 | B19: Adama Boiro | C19: obrońca | D19: Hiszpania /Senegal | E19: =IMAGE("https://flagcdn.com/w320/es.png") | F19: 37429 | G19: =DATEDIF(F19,TODAY(),"Y") -> 23 | H19: =1+1+1+1+1 -> 5 | I19: =67+90+90+90+45 -> 382 | O19: =J19+K19 -> 0
A20: 20 | B20: Unai Gómez | C20: pomocnik | D20: Hiszpania | E20: =IMAGE("https://flagcdn.com/w320/es.png") | F20: 37766 | G20: =DATEDIF(F20,TODAY(),"Y") -> 22 | H20: =1+1+1+1+1+1 -> 6 | I20: =20+62+77+12+29+67 -> 267 | L20: =1 -> 1 | O20: =J20+K20 -> 0
A21: 21 | B21: Maroan Sannadi | C21: napastnik | D21: Maroko /Hiszpania | E21: =IMAGE("https://flagcdn.com/w320/ma.png") | F21: 36923 | G21: =DATEDIF(F21,TODAY(),"Y") -> 24 | H21: =1 -> 1 | I21: =79 -> 79 | O21: =J21+K21 -> 0
A22: 22 | B22: Nico Serrano | C22: napastnik | D22: Hiszpania | E22: =IMAGE("https://flagcdn.com/w320/es.png") | F22: 37685 | G22: =DATEDIF(F22,TODAY(),"Y") -> 22 | H22: =1+1+1+1 -> 4 | I22: =10+28+21+23 -> 82 | J22: =1 -> 1 | O22: =J22+K22 -> 1
A23: 23 | B23: Robert Navarro | C23: pomocnik | D23: Hiszpania | E23: =IMAGE("https://flagcdn.com/w320/es.png") | F23: 37358 | G23: =DATEDIF(F23,TODAY(),"Y") -> 23 | H23: =1+1+1+1+1+1 -> 6 | I23: =60+90+26+69+90+90 -> 425 | J23: =1+1 -> 2 | K23: =2 -> 2 | O23: =J23+K23 -> 4
A24: 24 | B24: Beñat Prados | C24: pomocnik | D24: Hiszpania | E24: =IMAGE("https://flagcdn.com/w320/es.png") | F24: 36930 | G24: =DATEDIF(F24,TODAY(),"Y") -> 24 | O24: =J24+K24 -> 0
A25: 26 | B25: Mikel Santos | C25: bramkarz | D25: Hiszpania | E25: =IMAGE("https://flagcdn.com/w320/es.png") | F25: 38292 | G25: =DATEDIF(F25,TODAY(),"Y") -> 21 | H25: =0 -> 0 | I25: =0 -> 0 | O25: =J25+K25 -> 0
A26: 27 | B26: Álex Padilla | C26: bramkarz | D26: Meksyk /Hiszpania | E26: =IMAGE("https://flagcdn.com/w320/mx.png") | F26: 37865 | G26: =DATEDIF(F26,TODAY(),"Y") -> 22 | H26: =0 -> 0 | I26: =0 -> 0 | O26: =J26+K26 -> 0
A27: 29 | B27: Unai Egiluz | C27: obrońca | D27: Hiszpania | E27: =IMAGE("https://flagcdn.com/w320/es.png") | F27: 37334 | G27: =DATEDIF(F27,TODAY(),"Y") -> 23 | O27: =J27+K27 -> 0
A28: 30 | B28: Alejandro Rego | C28: pomocnik | D28: Hiszpania | E28: =IMAGE("https://flagcdn.com/w320/es.png") | F28: 37783 | G28: =DATEDIF(F28,TODAY(),"Y") -> 22 | H28: =1+1+1+1+1+1+1 -> 7 | I28: =10+90+64+80+90+18+58 -> 410 | O28: =J28+K28 -> 0
A29: 31 | B29: Asier Hierro | C29: napastnik | D29: Hiszpania | E29: =IMAGE("https://flagcdn.com/w320/es.png") | F29: 38478 | G29: =DATEDIF(F29,TODAY(),"Y") -> 20 | H29: =1+1 -> 2 | I29: =13+18 -> 31 | O29: =J29+K29 -> 0
A30: 33 | B30: Adrián Pérez | C30: pomocnik | D30: Hiszpania | E30: =IMAGE("https://flagcdn.com/w320/es.png") | F30: 39015 | G30: =DATEDIF(F30,TODAY(),"Y") -> 19 | H30: 0 | I30: 0 | O30: =J30+K30 -> 0
A31: 34 | B31: Jon de Luis | C31: obrońca | D31: Hiszpania | E31: =IMAGE("https://flagcdn.com/w320/es.png") | F31: 37838 | G31: =DATEDIF(F31,TODAY(),"Y") -> 22 | H31: =0 -> 0 | I31: =0 -> 0 | O31: =J31+K31 -> 0
A32: 35 | B32: Ibon Sánchez | C32: pomocnik | D32: Hiszpania | E32: =IMAGE("https://flagcdn.com/w320/es.png") | F32: 38085 | G32: =DATEDIF(F32,TODAY(),"Y") -> 21 | H32: =1 -> 1 | I32: =11 -> 11 | O32: =J32+K32 -> 0
A33: 38 | B33: Ander Izagirre | C33: obrońca | D33: Hiszpania | E33: =IMAGE("https://flagcdn.com/w320/es.png") | F33: 37800 | G33: =DATEDIF(F33,TODAY(),"Y") -> 22 | H33: 0 | I33: 0 | O33: =J33+K33 -> 0
A34: 44 | B34: Selton Sánchez | C34: pomocnik | D34: Hiszpania /Brazylia | E34: =IMAGE("https://flagcdn.com/w320/es.png") | F34: 39133 | G34: =DATEDIF(F34,TODAY(),"Y") -> 18 | H34: =1+1 -> 2 | I34: =21+34 -> 55 | O34: =J34+K34 -> 0
H35: =SUM(H2:H34) -> 112 | I35: =SUM(I2:I34) -> 6930 | J35: =SUM(J2:J34) -> 7 | K35: =SUM(K2:K34) -> 6 | L35: =SUM(L2:L34) -> 13 | M35: =SUM(M2:M34) -> 0 | N35: =SUM(N2:N34) -> 2 | O35: =SUM(O2:O34) -> 13 | P35: =SUM(P2:P34) -> 0
A36: lp | B36: imię i nazwisko | C36: rola | D36: narodowość | E36: flaga | F36: data urodzenia | G36: wiek | H36: mecze | I36: punkty | J36: strzelone | K36: stracone | L36: wygrane | M36: remisy | N36: porażki
B37: Ernesto Valverde | C37: trener | D37: Hiszpania | E37: =IMAGE("https://flagcdn.com/w320/es.png") | F37: 23416 | G37: =DATEDIF(F37,TODAY(),"Y") -> 61 | H37: =L37+M37+N37 -> 7 | I37: =(3*L37)+M37 -> 8 | J37: =1+3+3 -> 7 | K37: =2+4+1+2+2 -> 11 | L37: =1+1 -> 2 | M37: =1+1 -> 2 | N37: =1+1+1 -> 3
H38: =SUM(trenerAthletic[mecze]) -> 7 | I38: =SUM(trenerAthletic[punkty]) -> 8 | J38: =SUM(trenerAthletic[strzelone]) -> 7 | K38: =SUM(trenerAthletic[stracone]) -> 11 | L38: =SUM(trenerAthletic[wygrane]) -> 2 | M38: =SUM(trenerAthletic[remisy]) -> 2 | N38: =SUM(trenerAthletic[porażki]) -> 3
A39: kolejka | B39: gospodarze | C39: goście | D39: gole dla Bilbao | E39: wynik | F39: stadion
A40: 1 | B40: Athletic Bilbao | C40: Arsenal | E40: 0-2 | F40: Bilbao (San Mamés)
A41: 2 | B41: Borussia Dortmund | C41: Athletic Bilbao | D41: Gorka Guruzeta 61 | E41: 45748 | F41: Dortmund (Westfalenstadion)
A42: 3 | B42: Athletic Bilbao | C42: Karabach | D42: Gorka Guruzeta 40, 88, Robert Navarro 70 | E42: 45717 | F42: Bilbao (San Mamés)
A43: 4 | B43: Newcastle United | C43: Athletic Bilbao | E43: 2-0 | F43: Newcastle upon Tyne (St James' Park)
A44: 5 | B44: Slavia Praga | C44: Athletic Bilbao | E44: 0-0 | F44: Praga (Fortuna Arena)
A45: 6 | B45: Athletic Bilbao | C45: Paris Saint-Germain | E45: 0-0 | F45: Bilbao (San Mamés)
A46: 7 | B46: Atalanta | C46: Athletic Bilbao | D46: Gorka Guruzeta 58, Nico Serrano 70, Robert Navarro 74 | E46: 46056 | F46: Bergamo (Stadio Atleti Azzurri d'Italia)
A47: 8 | B47: Athletic Bilbao | C47: Sporting CP | F47: Bilbao (San Mamés)

Sheet Atletico
A1: numer | B1: imię i nazwisko | C1: pozycja | D1: narodowość | E1: flaga | F1: data urodzenia | G1: wiek | H1: mecze | I1: minuty | J1: gole | K1: asysty | L1: żółte kartki | M1: czerwone kartki | N1: czyste konta | O1: gole samobójcze | P1: kanadyjka | Q1: obronione karne
A2: 1 | B2: Juan Musso | C2: bramkarz | D2: Argentyna /Włochy | E2: =IMAGE("https://flagcdn.com/w320/ar.png") | F2: 34460 | G2: =DATEDIF(F2,TODAY(),"Y") -> 31 | H2: =1 -> 1 | I2: =90 -> 90 | P2: =J2+K2 -> 0
A3: 2 | B3: José María Giménez | C3: obrońca | D3: Urugwaj /Hiszpania | E3: =IMAGE("https://flagcdn.com/w320/uy.png") | F3: 34719 | G3: =DATEDIF(F3,TODAY(),"Y") -> 31 | H3: =1+1+1 -> 3 | I3: =62+65+90 -> 217 | J3: =1 -> 1 | L3: =1 -> 1 | P3: =J3+K3 -> 1
A4: 3 | B4: Matteo Ruggeri | C4: obrońca | D4: Włochy | E4: =IMAGE("https://flagcdn.com/w320/it.png") | F4: 37448 | G4: =DATEDIF(F4,TODAY(),"Y") -> 23 | H4: =1+1+1+1+1+1 -> 6 | I4: =90+28+90+67+90+90 -> 455 | K4: =1 -> 1 | L4: =1 -> 1 | P4: =J4+K4 -> 1
A5: 4 | B5: Conor Gallagher | C5: pomocnik | D5: Anglia | E5: =IMAGE("https://flagcdn.com/w320/gb-eng.png") | F5: 36562 | G5: =DATEDIF(F5,TODAY(),"Y") -> 25 | H5: =1+1+1+1+1+1 -> 6 | I5: =60+90+28+29+58+22 -> 287 | J5: =1 -> 1 | P5: =J5+K5 -> 1
A6: 5 | B6: Johnny Cardoso | C6: pomocnik | D6: USA /Włochy | E6: =IMAGE("https://flagcdn.com/w320/us.png") | F6: 37154 | G6: =DATEDIF(F6,TODAY(),"Y") -> 24 | H6: =1+1 -> 2 | I6: =58+35 -> 93 | P6: =J6+K6 -> 0
A7: 6 | B7: Koke | C7: pomocnik | D7: Hiszpania | E7: =IMAGE("https://flagcdn.com/w320/es.png") | F7: 33611 | G7: =DATEDIF(F7,TODAY(),"Y") -> 34 | H7: =1+1+1+1+1+1+1 -> 7 | I7: =39+36+62+61+32+75+55 -> 360 | P7: =J7+K7 -> 0
A8: 7 | B8: Antoine Griezmann | C8: napastnik | D8: Francja | E8: =IMAGE("https://flagcdn.com/w320/fr.png") | F8: 33318 | G8: =DATEDIF(F8,TODAY(),"Y") -> 34 | H8: =1+1+1+1+1+1+1 -> 7 | I8: =60+89+19+61+23+15+30 -> 297 | J8: =1 -> 1 | K8: =1+1 -> 2 | P8: =J8+K8 -> 3
A9: 8 | B9: Pablo Barrios | C9: pomocnik | D9: Hiszpania | E9: =IMAGE("https://flagcdn.com/w320/es.png") | F9: 37787 | G9: =DATEDIF(F9,TODAY(),"Y") -> 22 | H9: =1+1+1+1+1+1+1 -> 7 | I9: =90+74+90+90+90+90+55 -> 579 | K9: =1 -> 1 | L9: =1 -> 1 | P9: =J9+K9 -> 1
A10: 9 | B10: Alexander Sørloth | C10: napastnik | D10: Norwegia | E10: =IMAGE("https://flagcdn.com/w320/no.png") | F10: 35038 | G10: =DATEDIF(F10,TODAY(),"Y") -> 30 | H10: =1+1+1+1+1+1 -> 6 | I10: =30+72+29+23+75+60 -> 289 | J10: =1 -> 1 | K10: =1 -> 1 | P10: =J10+K10 -> 2
A11: 10 | B11: Álex Baena | C11: napastnik | D11: Hiszpania | E11: =IMAGE("https://flagcdn.com/w320/es.png") | F11: 37092 | G11: =DATEDIF(F11,TODAY(),"Y") -> 24 | H11: =1+1+1+1+1 -> 5 | I11: =1+28+61+67+45 -> 202 | P11: =J11+K11 -> 0
A12: 11 | B12: Thiago Almada | C12: pomocnik | D12: Argentyna | E12: =IMAGE("https://flagcdn.com/w320/ar.png") | F12: 37007 | G12: =DATEDIF(F12,TODAY(),"Y") -> 24 | H12: =1+1+1+1 -> 4 | I12: =18+29+15+45 -> 107 | K12: =1 -> 1 | L12: =1 -> 1 | P12: =J12+K12 -> 1
A13: 12 | B13: Carlos Martín | C13: napastnik | D13: Hiszpania | E13: =IMAGE("https://flagcdn.com/w320/es.png") | F13: 37368 | G13: =DATEDIF(F13,TODAY(),"Y") -> 23 | H13: =1 -> 1 | I13: =1 -> 1 | P13: =J13+K13 -> 0
A14: 13 | B14: Jan Oblak | C14: bramkarz | D14: Słowenia | E14: =IMAGE("https://flagcdn.com/w320/si.png") | F14: 33976 | G14: =DATEDIF(F14,TODAY(),"Y") -> 33 | H14: =1+1+1+1+1+1 -> 6 | I14: =90+90+90+90+90+90 -> 540 | P14: =J14+K14 -> 0
A15: 14 | B15: Marcos Llorente | C15: obrońca | D15: Hiszpania | E15: =IMAGE("https://flagcdn.com/w320/es.png") | F15: 34729 | G15: =DATEDIF(F15,TODAY(),"Y") -> 30 | H15: =1+1+1+1+1 -> 5 | I15: =90+90+90+3+90 -> 363 | J15: =2+1 -> 3 | O15: =1 -> 1 | P15: =J15+K15 -> 3
A16: 15 | B16: Clément Lenglet | C16: obrońca | D16: Francja | E16: =IMAGE("https://flagcdn.com/w320/fr.png") | F16: 34867 | G16: =DATEDIF(F16,TODAY(),"Y") -> 30 | H16: =1+1 -> 2 | I16: =90+90 -> 180 | L16: =1+1 -> 2 | P16: =J16+K16 -> 0
A17: 16 | B17: Nahuel Molina | C17: obrońca | D17: Argentyna | E17: =IMAGE("https://flagcdn.com/w320/ar.png") | F17: 35891 | G17: =DATEDIF(F17,TODAY(),"Y") -> 27 | H17: =1+1+1+1+1 -> 5 | I17: =30+16+90+58+90 -> 284 | K17: =1 -> 1 | P17: =J17+K17 -> 1
A18: 17 | B18: Dávid Hancko | C18: obrońca | D18: Słowacja | E18: =IMAGE("https://flagcdn.com/w320/sk.png") | F18: 35777 | G18: =DATEDIF(F18,TODAY(),"Y") -> 28 | H18: =1+1+1+1+1 -> 5 | I18: =90+90+90+90+90 -> 450 | J18: =1 -> 1 | P18: =J18+K18 -> 1
A19: 18 | B19: Marc Pubill | C19: obrońca | D19: Hiszpania | E19: =IMAGE("https://flagcdn.com/w320/es.png") | F19: 37792 | G19: =DATEDIF(F19,TODAY(),"Y") -> 22 | H19: =1+1+1+1 -> 4 | I19: =14+32+90+90 -> 226 | L19: =1 -> 1 | P19: =J19+K19 -> 0
A20: 19 | B20: Julián Alvarez | C20: napastnik | D20: Argentyna /Włochy | E20: =IMAGE("https://flagcdn.com/w320/ar.png") | F20: 36556 | G20: =DATEDIF(F20,TODAY(),"Y") -> 25 | H20: =1+1+1+1+1+1 -> 6 | I20: =89+90+90+90+90+72 -> 521 | J20: =1+1+1+1 -> 4 | K20: =2 -> 2 | P20: =J20+K20 -> 6
A21: 20 | B21: Giuliano Simeone | C21: napastnik | D21: Argentyna /Włochy | E21: =IMAGE("https://flagcdn.com/w320/ar.png") | F21: 37608 | G21: =DATEDIF(F21,TODAY(),"Y") -> 23 | H21: =1+1+1+1+1+1+1 -> 7 | I21: =90+74+71+87+90+88+90 -> 590 | J21: =1+1 -> 2 | K21: =1 -> 1 | L21: =1+1 -> 2 | P21: =J21+K21 -> 3
A22: 21 | B22: Javi Galán | C22: obrońca | D22: Hiszpania | E22: =IMAGE("https://flagcdn.com/w320/es.png") | F22: 34657 | G22: =DATEDIF(F22,TODAY(),"Y") -> 31 | H22: =1 -> 1 | I22: =90 -> 90 | P22: =J22+K22 -> 0
A23: 22 | B23: Giacomo Raspadori | C23: napastnik | D23: Włochy | E23: =IMAGE("https://flagcdn.com/w320/it.png") | F23: 36574 | G23: =DATEDIF(F23,TODAY(),"Y") -> 25 | H23: =1+1 -> 2 | I23: =51+54 -> 105 | J23: =1 -> 1 | K23: =1 -> 1 | P23: =J23+K23 -> 2
A24: 23 | B24: Nicolás Gonzalez | C24: napastnik | D24: Argentyna /Włochy | E24: =IMAGE("https://flagcdn.com/w320/ar.png") | F24: 35891 | G24: =DATEDIF(F24,TODAY(),"Y") -> 27 | H24: =1+1+1+1+1+1 -> 6 | I24: =76+16+62+32+68+18 -> 272 | P24: =J24+K24 -> 0
A25: 24 | B25: Robin Le Normand | C25: obrońca | D25: Hiszpania /Francja | E25: =IMAGE("https://flagcdn.com/w320/es.png") | F25: 35380 | G25: =DATEDIF(F25,TODAY(),"Y") -> 29 | H25: =1+1+1+1+1+1 -> 6 | I25: =90+90+90+25+2+35 -> 332 | J25: =1 -> 1 | L25: =1+1 -> 2 | P25: =J25+K25 -> 1
A26: 28 | B26: Taufik Zanzi | C26: pomocnik | D26: Hiszpania /Ghana | E26: =IMAGE("https://flagcdn.com/w320/es.png") | F26: 39467 | G26: =DATEDIF(F26,TODAY(),"Y") -> 18 | H26: 0 | I26: 0 | P26: =J26+K26 -> 0
A27: 29 | B27: Rayane Belaid | C27: pomocnik | D27: Hiszpania /Algieria | E27: =IMAGE("https://flagcdn.com/w320/es.png") | F27: 38394 | G27: =DATEDIF(F27,TODAY(),"Y") -> 20 | H27: 0 | I27: 0 | P27: =J27+K27 -> 0
A28: 30 | B28: Dani Martinez | C28: obrońca | D28: Hiszpania | E28: =IMAGE("https://flagcdn.com/w320/es.png") | F28: 38112 | G28: =DATEDIF(F28,TODAY(),"Y") -> 21 | H28: 0 | I28: 0 | P28: =J28+K28 -> 0
A29: 31 | B29: Salvador Esquivel | C29: bramkarz | D29: Hiszpania | E29: =IMAGE("https://flagcdn.com/w320/es.png") | F29: 38625 | G29: =DATEDIF(F29,TODAY(),"Y") -> 20 | H29: 0 | I29: 0 | P29: =J29+K29 -> 0
A30: 32 | B30: Javier Boñar | C30: obrońca | D30: Hiszpania | E30: =IMAGE("https://flagcdn.com/w320/es.png") | F30: 38475 | G30: =DATEDIF(F30,TODAY(),"Y") -> 20 | H30: 0 | I30: 0 | P30: =J30+K30 -> 0
A31: 33 | B31: Mario de Luis | C31: bramkarz | D31: Hiszpania | E31: =IMAGE("https://flagcdn.com/w320/es.png") | F31: 37382 | G31: =DATEDIF(F31,TODAY(),"Y") -> 23 | P31: =J31+K31 -> 0
A32: 34 | B32: Julio Díaz | C32: obrońca | D32: Hiszpania | E32: =IMAGE("https://flagcdn.com/w320/es.png") | F32: 38362 | G32: =DATEDIF(F32,TODAY(),"Y") -> 21 | H32: 0 | I32: 0 | P32: =J32+K32 -> 0
A33: 37 | B33: Iker Luque | C33: napastnik | D33: Hiszpania | E33: =IMAGE("https://flagcdn.com/w320/es.png") | F33: 38508 | G33: =DATEDIF(F33,TODAY(),"Y") -> 20 | H33: 0 | I33: 0 | P33: =J33+K33 -> 0
A34: 38 | B34: Omar Janneh | C34: napastnik | D34: Hiszpania /Gambia | E34: =IMAGE("https://flagcdn.com/w320/es.png") | F34: 38952 | G34: =DATEDIF(F34,TODAY(),"Y") -> 19 | P34: =J34+K34 -> 0
A35: 39 | B35: Jorge Rajado | C35: napastnik | D35: Hiszpania | E35: =IMAGE("https://flagcdn.com/w320/es.png") | F35: 38853 | G35: =DATEDIF(F35,TODAY(),"Y") -> 19 | P35: =J35+K35 -> 0
A36: 51 | B36: Álvaro Moreno | C36: bramkarz | D36: Hiszpania | E36: =IMAGE("https://flagcdn.com/w320/es.png") | F36: 38873 | G36: =DATEDIF(F36,TODAY(),"Y") -> 19 | P36: =J36+K36 -> 0
A37: 53 | B37: Diego Díaz | C37: bramkarz | D37: Hiszpania | E37: =IMAGE("https://flagcdn.com/w320/es.png") | F37: 39133 | G37: =DATEDIF(F37,TODAY(),"Y") -> 18 | P37: =J37+K37 -> 0
A38: 55 | B38: Daniel Rubio | C38: bramkarz | D38: Hiszpania | E38: =IMAGE("https://flagcdn.com/w320/es.png") | F38: 39398 | G38: =DATEDIF(F38,TODAY(),"Y") -> 18 | P38: =J38+K38 -> 0
A39: 63 | B39: Miguel Lopez | C39: bramkarz | D39: Hiszpania | E39: =IMAGE("https://flagcdn.com/w320/es.png") | F39: 39456 | G39: =DATEDIF(F39,TODAY(),"Y") -> 18 | P39: =J39+K39 -> 0
H40: =SUM(H2:H39) -> 110 | I40: =SUM(I2:I39) -> 6930 | J40: =SUM(J2:J39) -> 16 | K40: =SUM(K2:K39) -> 11 | L40: =SUM(L2:L39) -> 11 | M40: =SUM(M2:M39) -> 0 | N40: =SUM(N2:N39) -> 0 | O40: =SUM(O2:O39) -> 1 | ... Q40: =SUM(Q2:Q39) -> 0
A41: lp | B41: imię i nazwisko | C41: rola | D41: narodowość | E41: flaga | F41: data urodzenia | G41: wiek | H41: mecze | I41: punkty | J41: strzelone | K41: stracone | L41: wygrane | M41: remisy | N41: porażki
B42: Diego Simeone | C42: trener | D42: Argentyna /Włochy | E42: =IMAGE("https://flagcdn.com/w320/ar.png") | F42: 25686 | G42: =DATEDIF(F42,TODAY(),"Y") -> 55 | H42: =L42+M42+N42 -> 6 | I42: =(3*L42)+M42 -> 10 | J42: =2+3+2+3+1 -> 11 | K42: =2+4+1+1+2+1 -> 11 | L42: =1+1+1 -> 3 | M42: =1 -> 1 | N42: =1+1 -> 2
B43: Nelson Vivas | C43: trener tymczasowy | D43: Argentyna | E43: =IMAGE("https://flagcdn.com/w320/ar.png") | F43: 25494 | G43: =DATEDIF(F43,TODAY(),"Y") -> 56 | H43: =L43+M43+N43 -> 1 | I43: =(3*L43)+M43 -> 3 | J43: =5 -> 5 | K43: =1 -> 1 | L43: =1 -> 1 | M43: =0 -> 0 | N43: =0 -> 0
H44: =SUM(H42:H43) -> 7 | I44: =SUM(I42:I43) -> 13 | J44: =SUM(J42:J43) -> 16 | K44: =SUM(K42:K43) -> 12 | L44: =SUM(L42:L43) -> 4 | M44: =SUM(M42:M43) -> 1 | N44: =SUM(N42:N43) -> 2
A45: kolejka | B45: gospodarze | C45: goście | D45: gole dla Atletico | E45: wynik | F45: stadion
A46: 1 | B46: Liverpool | C46: Atlético Madyt | D46: Marcos Llorente 45, 81 | E46: 45718 | F46: Liverpool (Anfield)
A47: 2 | B47: Atlético Madyt | C47: Eintracht Frankfurt | D47: Giacomo Raspadori 4, Robin Le Normand 33, Antoine Griezmann 45, Giuliano Simeone 70, Julián Alvarez 82 (k) | E47: 45778 | F47: Madryt (Metropolitano Stadium)
A48: 3 | B48: Arsenal | C48: Atlético Madyt | E48: 4-0 | F48: Londyn (Emirates Stadium)
A49: 4 | B49: Atlético Madyt | C49: Union Saint-Gilloise | D49: Julián Alvarez 39, Conor Gallagher 72, Marcos Llorente 90 | E49: 45717 | F49: Madryt (Metropolitano Stadium)
A50: 5 | B50: Atlético Madyt | C50: Inter Mediolan | D50: Julián Alvarez 9, José María Giménez 90 | E50: 45689 | F50: Madryt (Metropolitano Stadium)
A51: 6 | B51: PSV Eindhoven | C51: Atlético Madyt | D51: Julián Alvarez 37, Dávid Hancko 52, Alexander Sørloth 56 | E51: 45691 | F51: Eindhoven (Phillips Stadion)
A52: 7 | B52: Galatasaray | C52: Atlético Madyt | D52: Giuliano Simeone 4 | E52: 46023 | F52: Stambuł (Rams Park)
A53: 8 | B53: Atlético Madyt | C53: Bodø/Glimt | F53: Madryt (Metropolitano Stadium)

Sheet Borussia
A1: numer | B1: imię i nazwisko | C1: pozycja | D1: narodowość | E1: flaga | F1: data urodzenia | G1: wiek | H1: mecze | I1: minuty | J1: gole | K1: asysty | L1: żółte kartki | M1: czerwone kartki | N1: czyste konta | O1: gole samobójcze | P1: kanadyjka | Q1: obronione karne
A2: 1 | B2: Gregor Kobel | C2: bramkarz | D2: Szwajcaria | E2: =IMAGE("https://flagcdn.com/w320/ch.png") | F2: 35770 | G2: =DATEDIF(F2,TODAY(),"Y") -> 28 | H2: =1+1+1+1+1+1+1 -> 7 | I2: =90+90+90+90+90+90+90 -> 630 | N2: =1 -> 1 | P2: =J2+K2 -> 0
A3: 2 | B3: Yan Couto | C3: obrońca | D3: Brazylia /Portugalia | E3: =IMAGE("https://flagcdn.com/w320/br.png") | F3: 37410 | G3: =DATEDIF(F3,TODAY(),"Y") -> 23 | H3: =1+1+1+1+1 -> 5 | I3: =90+61+90+75+75 -> 391 | J3: =1 -> 1 | P3: =J3+K3 -> 1
A4: 3 | B4: Waldemar Anton | C4: obrońca | D4: Niemcy | E4: =IMAGE("https://flagcdn.com/w320/de.png") | F4: 35266 | G4: =DATEDIF(F4,TODAY(),"Y") -> 29 | H4: =1+1+1+1+1+1+1 -> 7 | I4: =90+90+90+90+83+32+90 -> 565 | J4: =1 -> 1 | L4: =1 -> 1 | P4: =J4+K4 -> 1
A5: 4 | B5: Nico Schlotterbeck | C5: obrońca | D5: Niemcy | E5: =IMAGE("https://flagcdn.com/w320/de.png") | F5: 36495 | G5: =DATEDIF(F5,TODAY(),"Y") -> 26 | H5: =1+1+1+1+1+1 -> 6 | I5: =22+90+90+90+90+90 -> 472 | O5: =1 -> 1 | P5: =J5+K5 -> 0
A6: 5 | B6: Ramy Bensebaini | C6: obrońca | D6: Algieria | E6: =IMAGE("https://flagcdn.com/w320/dz.png") | F6: 34805 | G6: =DATEDIF(F6,TODAY(),"Y") -> 30 | H6: =1+1+1+1+1+1 -> 6 | I6: =90+90+84+65+90+90 -> 509 | J6: =1+1 -> 2 | L6: =1 -> 1 | P6: =J6+K6 -> 2
A7: 7 | B7: Jobe Bellingham | C7: pomocnik | D7: Anglia /Irlandia | E7: =IMAGE("https://flagcdn.com/w320/gb-eng.png") | F7: 38618 | G7: =DATEDIF(F7,TODAY(),"Y") -> 20 | H7: =1+1+1+1+1+1+1 -> 7 | I7: =20+68+90+25+14+90+90 -> 397 | K7: =1 -> 1 | P7: =J7+K7 -> 1
A8: 8 | B8: Felix Nmecha | C8: pomocnik | D8: Niemcy /Anglia | E8: =IMAGE("https://flagcdn.com/w320/de.png") | F8: 36809 | G8: =DATEDIF(F8,TODAY(),"Y") -> 25 | H8: =1+1+1+1+1+1+1 -> 7 | I8: =70+22+76+90+76+90+63 -> 487 | J8: =1+2 -> 3 | P8: =J8+K8 -> 3
A9: 9 | B9: Serhou Guirassy | C9: napastnik | D9: Gwinea /Mali | E9: =IMAGE("https://flagcdn.com/w320/gn.png") | F9: 35136 | G9: =DATEDIF(F9,TODAY(),"Y") -> 29 | H9: =1+1+1+1+1+1+1 -> 7 | I9: =89+86+90+65+67+24+45 -> 466 | J9: =1+2 -> 3 | K9: =1+1 -> 2 | P9: =J9+K9 -> 5
A10: 10 | B10: Julian Brandt | C10: pomocnik | D10: Niemcy | E10: =IMAGE("https://flagcdn.com/w320/de.png") | F10: 35187 | G10: =DATEDIF(F10,TODAY(),"Y") -> 29 | H10: =1+1+1+1+1+1 -> 6 | I10: =20+28+61+67+90+45 -> 311 | J10: =1+2 -> 3 | P10: =J10+K10 -> 3
A11: 13 | B11: Pascal Groß | C11: pomocnik | D11: Niemcy | E11: =IMAGE("https://flagcdn.com/w320/de.png") | F11: 33404 | G11: =DATEDIF(F11,TODAY(),"Y") -> 34 | H11: =1+1+1 -> 3 | I11: =1+25+14 -> 40 | K11: =1 -> 1 | P11: =J11+K11 -> 1
A12: 14 | B12: Maximilian Beier | C12: napastnik | D12: Niemcy | E12: =IMAGE("https://flagcdn.com/w320/de.png") | F12: 37546 | G12: =DATEDIF(F12,TODAY(),"Y") -> 23 | H12: =1+1+1+1+1+1 -> 6 | I12: =70+28+61+65+66+15 -> 305 | K12: =1+1 -> 2 | L12: =1 -> 1 | P12: =J12+K12 -> 2
A13: 16 | B13: Julien Duranville | C13: pomocnik | D13: Belgia | E13: =IMAGE("https://flagcdn.com/w320/be.png") | F13: 38842 | G13: =DATEDIF(F13,TODAY(),"Y") -> 19 | H13: 0 | I13: 0 | P13: =J13+K13 -> 0
A14: 17 | B14: Carney Chukwuemeka | C14: pomocnik | D14: Anglia /Nigeria | E14: =IMAGE("https://flagcdn.com/w320/gb-eng.png") | F14: 37914 | G14: =DATEDIF(F14,TODAY(),"Y") -> 22 | H14: =1+1+1+1+1 -> 5 | I14: =62+29+25+23+27 -> 166 | J14: =1 -> 1 | K14: =1 -> 1 | P14: =J14+K14 -> 2
A15: 20 | B15: Marcel Sabitzer | C15: pomocnik | D15: Austria | E15: =IMAGE("https://flagcdn.com/w320/at.png") | F15: 34410 | G15: =DATEDIF(F15,TODAY(),"Y") -> 31 | H15: =1+1+1+1+1 -> 5 | I15: =90+90+14+65+76 -> 335 | K15: =1 -> 1 | P15: =J15+K15 -> 1
A16: 21 | B16: Fábio Silva | C16: napastnik | D16: Portugalia | E16: =IMAGE("https://flagcdn.com/w320/pt.png") | F16: 37456 | G16: =DATEDIF(F16,TODAY(),"Y") -> 23 | H16: =1+1+1+1+1+1 -> 6 | I16: =4+29+10+23+66+27 -> 159 | J16: =1 -> 1 | K16: =1 -> 1 | P16: =J16+K16 -> 2
A17: 23 | B17: Emre Can | C17: pomocnik | D17: Niemcy /Turcja | E17: =IMAGE("https://flagcdn.com/w320/de.png") | F17: 34346 | G17: =DATEDIF(F17,TODAY(),"Y") -> 32 | H17: =1+1+1+1 -> 4 | I17: =25+7+15+45 -> 92 | P17: =J17+K17 -> 0
A18: 24 | B18: Daniel Svensson | C18: obrońca | D18: Szwecja | E18: =IMAGE("https://flagcdn.com/w320/se.png") | F18: 37299 | G18: =DATEDIF(F18,TODAY(),"Y") -> 23 | H18: =1+1+1+1+1+1+1 -> 7 | I18: =90+90+90+90+90+58+23 -> 531 | J18: =1+1 -> 2 | L18: =1 -> 1 | M18: =1 -> 1 | P18: =J18+K18 -> 2
A19: 25 | B19: Niklas Süle | C19: obrońca | D19: Niemcy | E19: =IMAGE("https://flagcdn.com/w320/de.png") | F19: 34945 | G19: =DATEDIF(F19,TODAY(),"Y") -> 30 | H19: =1 -> 1 | I19: =68 -> 68 | P19: =J19+K19 -> 0
A20: 26 | B20: Julian Ryerson | C20: obrońca | D20: Norwegia /USA | E20: =IMAGE("https://flagcdn.com/w320/no.png") | F20: 35751 | G20: =DATEDIF(F20,TODAY(),"Y") -> 28 | H20: =1+1+1+1+1+1 -> 6 | I20: =90+90+29+90+15+45 -> 359 | K20: =1 -> 1 | L20: =1 -> 1 | P20: =J20+K20 -> 1
A21: 27 | B21: Karim Adeyemi | C21: napastnik | D21: Niemcy /Nigeria | E21: =IMAGE("https://flagcdn.com/w320/de.png") | F21: 37274 | G21: =DATEDIF(F21,TODAY(),"Y") -> 24 | H21: =1+1+1+1+1+1 -> 6 | I21: =90+62+80+90+24+63 -> 409 | J21: =1+1 -> 2 | K21: =1+1 -> 2 | L21: =1+1 -> 2 | P21: =J21+K21 -> 4
A22: 28 | B22: Aarón Anselmino | C22: obrońca | D22: Argentyna | E22: =IMAGE("https://flagcdn.com/w320/ar.png") | F22: 38471 | G22: =DATEDIF(F22,TODAY(),"Y") -> 20 | H22: =1+1+1 -> 3 | I22: =6+90+75 -> 171 | K22: =1 -> 1 | P22: =J22+K22 -> 1
A23: 31 | B23: Silas Ostrzinski | C23: bramkarz | D23: Niemcy /Polska | E23: =IMAGE("https://flagcdn.com/w320/de.png") | F23: 37944 | G23: =DATEDIF(F23,TODAY(),"Y") -> 22 | H23: 0 | I23: 0 | P23: =J23+K23 -> 0
A24: 33 | B24: Alexander Meyer | C24: bramkarz | D24: Niemcy | E24: =IMAGE("https://flagcdn.com/w320/de.png") | F24: 33341 | G24: =DATEDIF(F24,TODAY(),"Y") -> 34 | H24: 0 | I24: 0 | P24: =J24+K24 -> 0
A25: 37 | B25: Cole Campbell | C25: napastnik | D25: USA /Islandia | E25: =IMAGE("https://flagcdn.com/w320/us.png") | F25: 38768 | G25: =DATEDIF(F25,TODAY(),"Y") -> 19 | H25: 0 | I25: 0 | P25: =J25+K25 -> 0
A26: 39 | B26: Filippo Mane | C26: obrońca | D26: Włochy /Senegal | E26: =IMAGE("https://flagcdn.com/w320/it.png") | F26: 38419 | G26: =DATEDIF(F26,TODAY(),"Y") -> 20 | H26: 0 | I26: 0 | P26: =J26+K26 -> 0
A27: 42 | B27: Almugera Kabar | C27: obrońca | D27: Niemcy /Libia | E27: =IMAGE("https://flagcdn.com/w320/de.png") | F27: 38874 | G27: =DATEDIF(F27,TODAY(),"Y") -> 19 | H27: 0 | I27: 0 | P27: =J27+K27 -> 0
A28: 47 | B28: Elias Benkara | C28: obrońca | D28: Niemcy /Algieria | E28: =IMAGE("https://flagcdn.com/w320/de.png") | F28: 39201 | G28: =DATEDIF(F28,TODAY(),"Y") -> 18 | P28: =J28+K28 -> 0
H29: =SUM(H2:H28) -> 110 | I29: =SUM(I2:I28)+67 -> 6930 | J29: =SUM(J2:J28) -> 19 | K29: =SUM(K2:K28) -> 13 | L29: =SUM(L2:L28) -> 7 | M29: =SUM(M2:M28) -> 1 | N29: =SUM(N2:N28) -> 1 | O29: =SUM(O2:O28) -> 1 | P29: =SUM(P2:P28) -> 32 | Q29: =SUM(Q2:Q28) -> 0
A30: lp | B30: imię i nazwisko | C30: rola | D30: narodowość | E30: flaga | F30: data urodzenia | G30: wiek | H30: mecze | I30: punkty | J30: strzelone | K30: stracone | L30: wygrane | M30: remisy | N30: porażki
B31: Niko Kovač | C31: trener | D31: Chorwacja | E31: =IMAGE("https://flagcdn.com/w320/hr.png") | F31: 26221 | G31: =DATEDIF(F31,TODAY(),"Y") -> 54 | H31: =L31+M31+N31 -> 7 | I31: =(3*L31)+M31 -> 11 | J31: =4+4+4+1+4+2 -> 19 | K31: =4+1+2+4+2+2 -> 15 | L31: =1+1+1 -> 3 | M31: =1+1 -> 2 | N31: =1+1 -> 2
H32: =SUM(trenerBorussia[mecze]) -> 7 | I32: =SUM(trenerBorussia[punkty]) -> 11 | J32: =SUM(trenerBorussia[strzelone]) -> 19 | K32: =SUM(trenerBorussia[stracone]) -> 15 | L32: =SUM(trenerBorussia[wygrane]) -> 3 | M32: =SUM(trenerBorussia[remisy]) -> 2 | N32: =SUM(trenerBorussia[porażki]) -> 2
A33: kolejka | B33: gospodarze | C33: goście | D33: gole dla Borussi | E33: wynik | F33: stadion
A34: 1 | B34: Juventus | C34: Borussia Dortmund | D34: Karim Adeyemi 52, Felix Nmecha 65, Yan Couto 74, Ramy Bensebaini 86 (k) | E34: 45751 | F34: Turyn (Juventus Stadium)
A35: 2 | B35: Borussia Dortmund | C35: Athletic Bilbao | D35: Daniel Svensson 28, Carney Chukwuemeka 50, Serhou Guirassy 82, Julian Brandt 90 | E35: 45748 | F35: Dortmund (Westfalenstadion)
A36: 3 | B36: Kopenhaga | C36: Borussia Dortmund | D36: Felix Nmecha 20, 76, Ramy Bensebaini 61 (k), Fábio Silva 87 | E36: 45692 | F36: Kopenhaga (Parken Stadium)
A37: 4 | B37: Manchester City | C37: Borussia Dortmund | D37: Waldemar Anton 72 | E37: 45748 | F37: Manchester (Etihad Stadium)
A38: 5 | B38: Borussia Dortmund | C38: Villarreal | D38: Serhou Guirassy 45, 54, Karim Adeyemi 58, Daniel Svensson 90 | E38: 4-0 | F38: Dortmund (Westfalenstadion)
A39: 6 | B39: Borussia Dortmund | C39: Bodø/Glimt | D39: Julian Brandt 18, 51 | E39: 45690 | F39: Dortmund (Westfalenstadion)
A40: 7 | B40: Tottenham Hotspur | C40: Borussia Dortmund | E40: 2-0 | F40: Londyn (Tottenham Hotspur Stadium)
A41: 8 | B41: Borussia Dortmund | C41: Inter Mediolan | F41: Dortmund (Westfalenstadion)

Sheet Barcelona
A1: numer | B1: imię i nazwisko | C1: pozycja | D1: narodowość | E1: flaga | F1: data urodzenia | G1: wiek | H1: mecze | I1: minuty | J1: gole | K1: asysty | L1: żółte kartki | M1: czerwone kartki | N1: czyste konta | O1: Column 17 | P1: kanadyjka | Q1: obronione karne
A2: 1 | B2: Marc-André ter Stegen | C2: bramkarz | D2: Niemcy | E2: =IMAGE("https://flagcdn.com/w320/de.png") | F2: 33724 | G2: =DATEDIF(F2,TODAY(),"Y") -> 33 | H2: 0 | I2: 0 | P2: =J2+K2 -> 0
A3: 3 | B3: Alejandro Balde | C3: obrońca | D3: Hiszpania | E3: =IMAGE("https://flagcdn.com/w320/es.png") | F3: 37913 | G3: =DATEDIF(F3,TODAY(),"Y") -> 22 | H3: =1+1+1+1+1+1 -> 6 | I3: =19+74+89+79+88+77 -> 426 | K3: =1 -> 1 | L3: =1 -> 1 | P3: =J3+K3 -> 1
A4: 4 | B4: Ronald Araujo | C4: obrońca | D4: Urugwaj /Hiszpania | E4: =IMAGE("https://flagcdn.com/w320/uy.png") | F4: 36226 | G4: =DATEDIF(F4,TODAY(),"Y") -> 26 | H4: =1+1+1+1+1 -> 5 | I4: =90+16+90+43+13 -> 252 | L4: =2 -> 2 | M4: =1 -> 1 | P4: =J4+K4 -> 0
A5: 5 | B5: Pau Cubarsí | C5: obrońca | D5: Hiszpania | E5: =IMAGE("https://flagcdn.com/w320/es.png") | F5: 39104 | G5: =DATEDIF(F5,TODAY(),"Y") -> 19 | H5: =1+1+1+1+1+1 -> 6 | I5: =68+90+90+1+90+90 -> 429 | P5: =J5+K5 -> 0
A6: 6 | B6: Gavi | C6: pomocnik | D6: Hiszpania | E6: =IMAGE("https://flagcdn.com/w320/es.png") | F6: 38204 | G6: =DATEDIF(F6,TODAY(),"Y") -> 21 | P6: =J6+K6 -> 0
A7: 7 | B7: Ferran Torres | C7: napastnik | D7: Hiszpania | E7: =IMAGE("https://flagcdn.com/w320/es.png") | F7: 36585 | G7: =DATEDIF(F7,TODAY(),"Y") -> 25 | H7: =1+1+1+1+1 -> 5 | I7: =22+90+57+45+25 -> 239 | J7: =1+1 -> 2 | P7: =J7+K7 -> 2
A8: 8 | B8: Pedri | C8: pomocnik | D8: Hiszpania | E8: =IMAGE("https://flagcdn.com/w320/es.png") | F8: 37585 | G8: =DATEDIF(F8,TODAY(),"Y") -> 23 | H8: =1+1+1+1+1 -> 5 | I8: =90+78+79+90+60 -> 397 | K8: =1+1 -> 2 | P8: =J8+K8 -> 2
A9: 9 | B9: Robert Lewandowski | C9: napastnik | D9: Polska | E9: =IMAGE("https://flagcdn.com/w320/pl.png") | F9: 32376 | G9: =DATEDIF(F9,TODAY(),"Y") -> 37 | H9: =1+1+1+1+1+1 -> 6 | I9: =68+19+33+61+65+90 -> 336 | J9: =1 -> 1 | O9: =1 -> 1 | P9: =J9+K9 -> 1
A10: 10 | B10: Lamine Yamal | C10: napastnik | D10: Hiszpania /Gwinea Równikowa | E10: =IMAGE("https://flagcdn.com/w320/es.png") | F10: 39276 | G10: =DATEDIF(F10,TODAY(),"Y") -> 18 | H10: =1+1+1+1+1 -> 5 | I10: =90+74+90+79+88 -> 421 | J10: =1+1 -> 2 | K10: =1+1 -> 2 | L10: =1+1+1 -> 3 | P10: =J10+K10 -> 4
A11: 11 | B11: Raphinha | C11: napastnik | D11: Brazylia /Włochy | E11: =IMAGE("https://flagcdn.com/w320/br.png") | F11: 35413 | G11: =DATEDIF(F11,TODAY(),"Y") -> 29 | H11: =1+1+1+1 -> 4 | I11: =90+29+65+90 -> 274 | P11: =J11+K11 -> 0
A12: 13 | B12: Joan García | C12: bramkarz | D12: Hiszpania | E12: =IMAGE("https://flagcdn.com/w320/es.png") | F12: 37015 | G12: =DATEDIF(F12,TODAY(),"Y") -> 24 | H12: =1+1+1+1 -> 4 | I12: =90+90+90+90 -> 360 | P12: =J12+K12 -> 0
A13: 14 | B13: Marcus Rashford | C13: napastnik | D13: Anglia /St. Kitts i Nevis | E13: =IMAGE("https://flagcdn.com/w320/gb-eng.png") | F13: 35734 | G13: =DATEDIF(F13,TODAY(),"Y") -> 28 | H13: =1+1+1+1+1+1+1 -> 7 | I13: =80+71+90+82+45+45+30 -> 443 | J13: =2+2 -> 4 | K13: =1+1+1 -> 3 | P13: =J13+K13 -> 7
A14: 15 | B14: Andreas Christensen | C14: obrońca | D14: Dania | E14: =IMAGE("https://flagcdn.com/w320/dk.png") | F14: 35165 | G14: =DATEDIF(F14,TODAY(),"Y") -> 29 | H14: =1+1+1+1 -> 4 | I14: =22+6+29+2 -> 59 | P14: =J14+K14 -> 0
A15: 16 | B15: Fermín López | C15: pomocnik | D15: Hiszpania | E15: =IMAGE("https://flagcdn.com/w320/es.png") | F15: 37752 | G15: =DATEDIF(F15,TODAY(),"Y") -> 22 | H15: =1+1+1+1+1+1 -> 6 | I15: =89+90+90+61+45+77 -> 452 | J15: =3+2 -> 5 | K15: =2 -> 2 | L15: =1+1 -> 2 | P15: =J15+K15 -> 7
A16: 17 | B16: Marc Casadó | C16: pomocnik | D16: Hiszpania | E16: =IMAGE("https://flagcdn.com/w320/es.png") | F16: 37752 | G16: =DATEDIF(F16,TODAY(),"Y") -> 22 | H16: =1+1+1+1 -> 4 | I16: =1+19+90+57 -> 167 | L16: =1+1 -> 2 | P16: =J16+K16 -> 0
A17: 18 | B17: Gerard Martín | C17: obrońca | D17: Hiszpania | E17: =IMAGE("https://flagcdn.com/w320/es.png") | F17: 37313 | G17: =DATEDIF(F17,TODAY(),"Y") -> 23 | H17: =1+1+1+1+1+1+1 -> 7 | I17: =80+71+16+1+11+90+90 -> 359 | L17: =1+1 -> 2 | P17: =J17+K17 -> 0
A18: 20 | B18: Dani Olmo | C18: pomocnik | D18: Hiszpania | E18: =IMAGE("https://flagcdn.com/w320/es.png") | F18: 35922 | G18: =DATEDIF(F18,TODAY(),"Y") -> 27 | H18: =1+1+1+1+1 -> 5 | I18: =10+71+33+11+30 -> 155 | J18: =1 -> 1 | L18: =1 -> 1 | P18: =J18+K18 -> 1
A19: 21 | B19: Frenkie de Jong | C19: pomocnik | D19: Holandia | E19: =IMAGE("https://flagcdn.com/w320/nl.png") | F19: 35562 | G19: =DATEDIF(F19,TODAY(),"Y") -> 28 | H19: =1+1+1+1+1+1+1 -> 7 | I19: =90+90+32+90+90+25+90 -> 507 | K19: =1 -> 1 | L19: =1+1+1 -> 3 | P19: =J19+K19 -> 1
A20: 22 | B20: Marc Bernal | C20: pomocnik | D20: Hiszpania | E20: =IMAGE("https://flagcdn.com/w320/es.png") | F20: 39228 | G20: =DATEDIF(F20,TODAY(),"Y") -> 18 | H20: =1+1+1 -> 3 | I20: =12+11+13 -> 36 | P20: =J20+K20 -> 0
A21: 23 | B21: Jules Koundé | C21: obrońca | D21: Francja /Benin | E21: =IMAGE("https://flagcdn.com/w320/fr.png") | F21: 36111 | G21: =DATEDIF(F21,TODAY(),"Y") -> 27 | H21: =1+1+1+1+1+1+1 -> 7 | I21: =90+90+74+90+90+90+90 -> 614 | J21: =2 -> 2 | K21: =1 -> 1 | L21: =1 -> 1 | O21: =1 -> 1 | P21: =J21+K21 -> 3
A22: 24 | B22: Eric García | C22: obrońca | D22: Hiszpania | E22: =IMAGE("https://flagcdn.com/w320/es.png") | F22: 36900 | G22: =DATEDIF(F22,TODAY(),"Y") -> 25 | H22: =1+1+1+1+1+1+1 -> 7 | I22: =10+84+90+89+90+90+90 -> 543 | P22: =J22+K22 -> 0
A23: 25 | B23: Wojciech Szczęsny | C23: bramkarz | D23: Polska | E23: =IMAGE("https://flagcdn.com/w320/pl.png") | F23: 32981 | G23: =DATEDIF(F23,TODAY(),"Y") -> 35 | H23: =1+1+1 -> 3 | I23: =90+90+90 -> 270 | P23: =J23+K23 -> 0
A24: 26 | B24: Jofre Torrents | C24: obrońca | D24: Hiszpania | E24: =IMAGE("https://flagcdn.com/w320/es.png") | F24: 39110 | G24: =DATEDIF(F24,TODAY(),"Y") -> 19 | H24: 0 | I24: 0 | P24: =J24+K24 -> 0
A25: 27 | B25: Dro Fernández | C25: pomocnik | D25: Hiszpania /Filipiny | E25: =IMAGE("https://flagcdn.com/w320/es.png") | F25: 39459 | G25: =DATEDIF(F25,TODAY(),"Y") -> 18 | H25: =1 -> 1 | I25: =58 -> 58 | K25: =1 -> 1 | P25: =J25+K25 -> 1
A26: 28 | B26: Roony Bardghji | C26: pomocnik | D26: Szwecja /Syria | E26: =IMAGE("https://flagcdn.com/w320/se.png") | F26: 38671 | G26: =DATEDIF(F26,TODAY(),"Y") -> 20 | H26: =1+1+1+1 -> 4 | I26: =16+8+2+60 -> 86 | K26: =1 -> 1 | P26: =J26+K26 -> 1
A27: 29 | B27: Toni Fernández | C27: napastnik | D27: Hiszpania | E27: =IMAGE("https://flagcdn.com/w320/es.png") | F27: 39644 | G27: =DATEDIF(F27,TODAY(),"Y") -> 17 | H27: 0 | I27: 0 | P27: =J27+K27 -> 0
A28: 31 | B28: Diego Kochen | C28: bramkarz | D28: USA /Peru | E28: =IMAGE("https://flagcdn.com/w320/us.png") | F28: 38795 | G28: =DATEDIF(F28,TODAY(),"Y") -> 19 | H28: 0 | I28: 0 | P28: =J28+K28 -> 0
A29: 33 | B29: Eder Aller | C29: bramkarz | D29: Hiszpania | E29: =IMAGE("https://flagcdn.com/w320/es.png") | F29: 39176 | G29: =DATEDIF(F29,TODAY(),"Y") -> 18 | H29: 0 | I29: 0 | P29: =J29+K29 -> 0
A30: 37 | B30: Dani Rodríguez | C30: napastnik | D30: Hiszpania | E30: =IMAGE("https://flagcdn.com/w320/es.png") | F30: 38573 | G30: =DATEDIF(F30,TODAY(),"Y") -> 20 | H30: 0 | I30: 0 | P30: =J30+K30 -> 0
A31: 41 | B31: Juan Hernández | C31: pomocnik | D31: Hiszpania | E31: =IMAGE("https://flagcdn.com/w320/es.png") | F31: 39284 | G31: =DATEDIF(F31,TODAY(),"Y") -> 18 | H31: 0 | I31: 0 | P31: =J31+K31 -> 0
A32: 42 | B32: Xavi Espart | C32: obrońca | D32: Hiszpania | E32: =IMAGE("https://flagcdn.com/w320/es.png") | F32: 39223 | G32: =DATEDIF(F32,TODAY(),"Y") -> 18 | H32: 0 | I32: 0 | P32: =J32+K32 -> 0
A33: 43 | B33: Tommy Marqués | C33: pomocnik | D33: Hiszpania | E33: =IMAGE("https://flagcdn.com/w320/es.png") | F33: 39020 | G33: =DATEDIF(F33,TODAY(),"Y") -> 19 | H33: 0 | I33: 0 | P33: =J33+K33 -> 0
H34: =SUM(H2:H33) -> 111 | I34: =SUM(I2:I33)+47 -> 6930 | J34: =SUM(J2:J33) -> 17 | K34: =SUM(K2:K33) -> 14 | L34: =SUM(L2:L33) -> 17 | M34: =SUM(M2:M33) -> 1 | N34: =SUM(N2:N33) -> 0 | O34: =SUM(O2:O33) -> 2 | P34: =SUM(P2:P33) -> 31 | Q34: =SUM(Q2:Q33) -> 0
A35: lp | B35: imię i nazwisko | C35: rola | D35: narodowość | E35: flaga | F35: data urodzenia | G35: wiek | H35: mecze | I35: punkty | J35: strzelone | K35: stracone | L35: wygrane | M35: remisy | N35: porażki
B36: Hans-Dieter Flick | C36: trener | D36: Niemcy | E36: =IMAGE("https://flagcdn.com/w320/de.png") | F36: 23797 | G36: =DATEDIF(F36,TODAY(),"Y") -> 60 | H36: =L36+M36+N36 -> 7 | I36: =(3*L36)+M36 -> 13 | J36: =2+1+6+3+2+4 -> 18 | K36: =1+2+1+3+3+1+2 -> 13 | L36: =1+1+1+1 -> 4 | M36: =1 -> 1 | N36: =1+1 -> 2
H37: =SUM(H36) -> 7 | I37: =SUM(I36) -> 13 | J37: =SUM(J36) -> 18 | K37: =SUM(K36) -> 13 | L37: =SUM(L36) -> 4 | M37: =SUM(M36) -> 1 | N37: =SUM(N36) -> 2
A38: kolejka | B38: gospodarze | C38: goście | D38: gole dla Barcelony | E38: wynik | F38: stadion
A39: 1 | B39: Newcastle United | C39: Barcelona | D39: Marcus Rashford 58, 67 | E39: 45659 | F39: Newcastle upon Tyne (St James' Park)
A40: 2 | B40: Barcelona | C40: Paris Saint-Germain | D40: Ferran Torres 19 | E40: 45659 | F40: Barcelona (Montjuïc)
A41: 3 | B41: Barcelona | C41: Olympiacos | D41: Fermín López 7, 39, 76, Lamine Yamal 68 (k), Marcus Rashford 74, 79 | E41: 45809 | F41: Barcelona (Montjuïc)
A42: 4 | B42: Club Brugge | C42: Barcelona | D42: Ferran Torres 8, Lamine Yamal 61, Christos Tzolis 77 (s) | E42: 45719 | F42: Brugia (Jan Breydel Stadium)
A43: 5 | B43: Chelsea | C43: Barcelona | E43: 3-0 | F43: Londyn (Stamford Bridge)
A44: 6 | B44: Barcelona | C44: Eintracht Frankfurt | D44: Jules Koundé 50, 53 | E44: 45689 | F44: Barcelona (Spotify Camp Nou)
A45: 7 | B45: Slavia Praga | C45: Barcelona | D45: Fermín López 34, 42, Dani Olmo 63, Robert Lewandowski 71 | E45: 46057 | F45: Praga (Fortuna Arena)
A46: 8 | B46: Barcelona | C46: Kopenhaga | F46: Barcelona (Spotify Camp Nou)

Sheet Bayern
A1: numer | B1: imię i nazwisko | C1: pozycja | D1: narodowość | E1: flaga | F1: data urodzenia | G1: wiek | H1: mecze | I1: minuty | J1: gole | K1: asysty | L1: żółte kartki | M1: czerwone kartki | N1: czyste konta | O1: gole samobójcze | P1: kanadyjka | Q1: obronione karne
A2: 1 | B2: Manuel Neuer | C2: bramkarz | D2: Niemcy | E2: =IMAGE("https://flagcdn.com/w320/de.png") | F2: 31498 | G2: =DATEDIF(F2,TODAY(),"Y") -> 39 | H2: =1+1+1+1+1+1+1 -> 7 | I2: =90+90+90+90+90+90+90 -> 630 | L2: =1 -> 1 | N2: =1+1 -> 2 | P2: =J2+K2 -> 0
A3: 2 | B3: Dayot Upamecano | C3: obrońca | D3: Francja /Gwinea Bissau | E3: =IMAGE("https://flagcdn.com/w320/fr.png") | F3: 36095 | G3: =DATEDIF(F3,TODAY(),"Y") -> 27 | H3: =1+1+1+1+1+1 -> 6 | I3: =90+71+80+90+80+90 -> 501 | L3: =1 -> 1 | P3: =J3+K3 -> 0
A4: 3 | B4: Kim Min-jae | C4: obrońca | D4: Korea Południowa | E4: =IMAGE("https://flagcdn.com/w320/kr.png") | F4: 35384 | G4: =DATEDIF(F4,TODAY(),"Y") -> 29 | H4: =1+1+1+1+1+1 -> 6 | I4: =45+90+10+10+10+62 -> 227 | L4: =1+2 -> 3 | M4: =1 -> 1 | P4: =J4+K4 -> 0
A5: 4 | B5: Jonathan Tah | C5: obrońca | D5: Niemcy /Wybrzeże Kości Słoniowej | E5: =IMAGE("https://flagcdn.com/w320/de.png") | F5: 35106 | G5: =DATEDIF(F5,TODAY(),"Y") -> 29 | H5: =1+1+1+1+1+1+1 -> 7 | I5: =45+19+90+90+90+90+90 -> 514 | J5: =1 -> 1 | K5: =1 -> 1 | L5: =1 -> 1 | P5: =J5+K5 -> 2
A6: 6 | B6: Joshua Kimmich | C6: pomocnik | D6: Niemcy | E6: =IMAGE("https://flagcdn.com/w320/de.png") | F6: 34738 | G6: =DATEDIF(F6,TODAY(),"Y") -> 30 | H6: =1+1+1+1+1+1+1 -> 7 | I6: =90+90+90+90+80+90+89 -> 619 | L6: =1 -> 1 | P6: =J6+K6 -> 0
A7: 7 | B7: Serge Gnabry | C7: pomocnik | D7: Niemcy /Wybrzeże Kości Słoniowej | E7: =IMAGE("https://flagcdn.com/w320/de.png") | F7: 34894 | G7: =DATEDIF(F7,TODAY(),"Y") -> 30 | H7: =1+1+1+1+1+1 -> 6 | I7: =89+45+45+71+87+1 -> 338 | J7: =1 -> 1 | K7: =1+1 -> 2 | O7: =1 -> 1 | P7: =J7+K7 -> 3
A8: 8 | B8: Leon Goretzka | C8: pomocnik | D8: Niemcy | E8: =IMAGE("https://flagcdn.com/w320/de.png") | F8: 34736 | G8: =DATEDIF(F8,TODAY(),"Y") -> 30 | H8: =1+1+1+1+1+1 -> 6 | I8: =27+22+3+10+3+1 -> 66 | P8: =J8+K8 -> 0
A9: 9 | B9: Harry Kane | C9: napastnik | D9: Anglia | E9: =IMAGE("https://flagcdn.com/w320/gb-eng.png") | F9: 34178 | G9: =DATEDIF(F9,TODAY(),"Y") -> 32 | H9: =1+1+1+1+1+1+1 -> 7 | I9: =89+63+68+87+90+89+90 -> 576 | J9: =2+2+1+2 -> 7 | P9: =J9+K9 -> 7
A10: 10 | B10: Jamal Musiala | C10: pomocnik | D10: Niemcy /Anglia | E10: =IMAGE("https://flagcdn.com/w320/de.png") | F10: 37678 | G10: =DATEDIF(F10,TODAY(),"Y") -> 22 | H10: 0 | I10: 0 | P10: =J10+K10 -> 0
A11: 11 | B11: Nicolas Jackson | C11: napastnik | D11: Senegal /Gambia | E11: =IMAGE("https://flagcdn.com/w320/sn.png") | F11: 37062 | G11: =DATEDIF(F11,TODAY(),"Y") -> 24 | H11: =1+1+1+1+1 -> 5 | I11: =1+90+22+19+1 -> 133 | J11: =1+1 -> 2 | K11: =2 -> 2 | P11: =J11+K11 -> 4
A12: 14 | B12: Luis Díaz | C12: napastnik | D12: Kolumbia | E12: =IMAGE("https://flagcdn.com/w320/co.png") | F12: 35443 | G12: =DATEDIF(F12,TODAY(),"Y") -> 29 | H12: =1+1+1+1+1 -> 5 | I12: =90+45+80+44+90 -> 349 | J12: =1+2 -> 3 | M12: =1 -> 1 | P12: =J12+K12 -> 3
A13: 17 | B13: Michael Olise | C13: napastnik | D13: Francja /Anglia | E13: =IMAGE("https://flagcdn.com/w320/fr.png") | F13: 37237 | G13: =DATEDIF(F13,TODAY(),"Y") -> 24 | H13: =1+1+1+1+1+1+1 -> 7 | I13: =90+71+90+80+90+90+89 -> 600 | J13: =1 -> 1 | K13: =2+1+1+1 -> 5 | L13: =1+1 -> 2 | P13: =J13+K13 -> 6
A14: 19 | B14: Alphonso Davies | C14: obrońca | D14: Kanada /USA | E14: =IMAGE("https://flagcdn.com/w320/ca.png") | F14: 36832 | G14: =DATEDIF(F14,TODAY(),"Y") -> 25 | H14: =1+1 -> 2 | I14: =3+24 -> 27 | P14: =J14+K14 -> 0
A15: 20 | B15: Tom Bischoff | C15: pomocnik | D15: Niemcy | E15: =IMAGE("https://flagcdn.com/w320/de.png") | F15: 38531 | G15: =DATEDIF(F15,TODAY(),"Y") -> 20 | H15: =1+1+1+1+1+1 -> 6 | I15: =1+8+22+45+19+90 -> 185 | L15: =1 -> 1 | P15: =J15+K15 -> 0
A16: 21 | B16: Hiroki Itō | C16: obrońca | D16: Japonia | E16: =IMAGE("https://flagcdn.com/w320/jp.png") | F16: 36292 | G16: =DATEDIF(F16,TODAY(),"Y") -> 26 | H16: =1+1 -> 2 | I16: =3+24 -> 27 | P16: =J16+K16 -> 0
A17: 22 | B17: Raphaël Guerreiro | C17: obrońca | D17: Portugalia /Francja | E17: =IMAGE("https://flagcdn.com/w320/pt.png") | F17: 34325 | G17: =DATEDIF(F17,TODAY(),"Y") -> 32 | H17: =1+1+1+1+1 -> 5 | I17: =90+68+10+15+66 -> 249 | J17: =1 -> 1 | P17: =J17+K17 -> 1
A18: 23 | B18: Sacha Boey | C18: obrońca | D18: Francja | E18: =IMAGE("https://flagcdn.com/w320/fr.png") | F18: 36782 | G18: =DATEDIF(F18,TODAY(),"Y") -> 25 | H18: =1+1 -> 2 | I18: =40+27 -> 67 | P18: =J18+K18 -> 0
A19: 26 | B19: Sven Ulreich | C19: bramkarz | D19: Niemcy | E19: =IMAGE("https://flagcdn.com/w320/de.png") | F19: 32358 | G19: =DATEDIF(F19,TODAY(),"Y") -> 37 | H19: 0 | I19: 0 | P19: =J19+K19 -> 0
A20: 27 | B20: Konrad Laimer | C20: pomocnik | D20: Austria | E20: =IMAGE("https://flagcdn.com/w320/at.png") | F20: 35577 | G20: =DATEDIF(F20,TODAY(),"Y") -> 28 | H20: =1+1+1+1+1+1 -> 6 | I20: =90+82+90+90+71+90 -> 513 | K20: =2+1 -> 3 | L20: =1+1+1 -> 3 | P20: =J20+K20 -> 3
A21: 30 | B21: Cassiano Kiala | C21: obrońca | D21: Niemcy /Angola | E21: =IMAGE("https://flagcdn.com/w320/de.png") | F21: 39824 | G21: =DATEDIF(F21,TODAY(),"Y") -> 17 | H21: 0 | I21: 0 | P21: =J21+K21 -> 0
A22: 35 | B22: Jannis Bärtl | C22: bramkarz | D22: Niemcy | E22: =IMAGE("https://flagcdn.com/w320/de.png") | F22: 38892 | G22: =DATEDIF(F22,TODAY(),"Y") -> 19 | P22: =J22+K22 -> 0
A23: 36 | B23: Wisdom Mike | C23: napastnik | D23: Niemcy /Nigeria | E23: =IMAGE("https://flagcdn.com/w320/de.png") | F23: 39715 | G23: =DATEDIF(F23,TODAY(),"Y") -> 17 | H23: =1 -> 1 | I23: =10 -> 10 | P23: =J23+K23 -> 0
A24: 38 | B24: Felipe Chávez | C24: pomocnik | D24: Peru /Niemcy | E24: =IMAGE("https://flagcdn.com/w320/pe.png") | F24: 39182 | G24: =DATEDIF(F24,TODAY(),"Y") -> 18 | P24: =J24+K24 -> 0
A25: 40 | B25: Jonas Urbig | C25: bramkarz | D25: Niemcy | E25: =IMAGE("https://flagcdn.com/w320/de.png") | F25: 37841 | G25: =DATEDIF(F25,TODAY(),"Y") -> 22 | H25: 0 | I25: 0 | P25: =J25+K25 -> 0
A26: 41 | B26: Vincent Manuba | C26: obrońca | D26: Niemcy /Algieria | E26: =IMAGE("https://flagcdn.com/w320/de.png") | F26: 38534 | G26: =DATEDIF(F26,TODAY(),"Y") -> 20 | H26: 0 | I26: 0 | P26: =J26+K26 -> 0
A27: 42 | B27: Lennart Karl | C27: pomocnik | D27: Niemcy | E27: =IMAGE("https://flagcdn.com/w320/de.png") | F27: 39500 | G27: =DATEDIF(F27,TODAY(),"Y") -> 17 | H27: =1+1+1+1+1 -> 5 | I27: =19+68+80+75+66 -> 308 | J27: =1+1+1 -> 3 | P27: =J27+K27 -> 3
A28: 44 | B28: Josip Stanišić | C28: obrońca | D28: Chorwacja /Niemcy | E28: =IMAGE("https://flagcdn.com/w320/hr.png") | F28: 36618 | G28: =DATEDIF(F28,TODAY(),"Y") -> 25 | H28: =1+1+1+1 -> 4 | I28: =50+90+90+87 -> 317 | L28: =1 -> 1 | P28: =J28+K28 -> 0
A29: 45 | B29: Aleksander Pavlović | C29: pomocnik | D29: Niemcy /Serbia | E29: =IMAGE("https://flagcdn.com/w320/de.png") | F29: 38110 | G29: =DATEDIF(F29,TODAY(),"Y") -> 21 | H29: =1+1+1+1+1+1+1 -> 7 | I29: =63+90+90+90+90+87+90 -> 600 | P29: =J29+K29 -> 0
A30: 46 | B30: Tim Binder | C30: pomocnik | D30: Niemcy | E30: =IMAGE("https://flagcdn.com/w320/de.png") | F30: 39112 | G30: =DATEDIF(F30,TODAY(),"Y") -> 18 | P30: =J30+K30 -> 0
A31: 47 | B31: David Daiber | C31: pomocnik | D31: Portugalia /Niemcy | E31: =IMAGE("https://flagcdn.com/w320/pt.png") | F31: 39092 | G31: =DATEDIF(F31,TODAY(),"Y") -> 19 | H31: 0 | I31: 0 | P31: =J31+K31 -> 0
A32: 48 | B32: Leon Klanac | C32: bramkarz | D32: Niemcy /Chorwacja | E32: =IMAGE("https://flagcdn.com/w320/de.png") | F32: 39142 | G32: =DATEDIF(F32,TODAY(),"Y") -> 18 | H32: 0 | I32: 0 | P32: =J32+K32 -> 0
H33: =SUM(H2:H32) -> 109 | I33: =SUM(I2:I32)+46+28 -> 6930 | J33: =SUM(J2:J32) -> 19 | K33: =SUM(K2:K32) -> 13 | L33: =SUM(L2:L32) -> 14 | M33: =SUM(M2:M32) -> 2 | N33: =SUM(N2:N32) -> 2 | O33: =SUM(O2:O32) -> 1 | P33: =SUM(P2:P32) -> 32 | Q33: =SUM(Q2:Q32) -> 0
A34: lp | B34: imię i nazwisko | C34: rola | D34: narodowość | E34: flaga | F34: data urodzenia | G34: wiek | H34: mecze | I34: punkty | J34: strzelone | K34: stracone | L34: wygrane | M34: remisy | N34: porażki
B35: Vincent Kompany | C35: trener | D35: Belgia /Demokratyczne Republika Konga | E35: =IMAGE("https://flagcdn.com/w320/be.png") | F35: 31512 | G35: =DATEDIF(F35,TODAY(),"Y") -> 39 | H35: =L35+M35+N35 -> 7 | I35: =(3*L35)+M35 -> 18 | J35: =3+5+4+2+1+3+2 -> 20 | K35: =1+1+1+3+1 -> 7 | L35: =1+1+1+1+1+1 -> 6 | M35: =0 -> 0 | N35: =1 -> 1
H36: =SUM(H35) -> 7 | I36: =SUM(I35) -> 18 | J36: =SUM(J35) -> 20 | K36: =SUM(K35) -> 7 | L36: =SUM(L35) -> 6 | M36: =SUM(M35) -> 0 | N36: =SUM(N35) -> 1
A37: kolejka | B37: gospodarze | C37: goście | D37: gole dla Bayernu | E37: wynik | F37: stadion
A38: 1 | B38: Bayern Monachium | C38: Chelsea | D38: Trevoh Chalobah 20 (s), Harry Kane 27 (k), 63 | E38: 45717 | F38: Monachium (Allianz Arena)
A39: 2 | B39: Pafos | C39: Bayern Monachium | D39: Harry Kane 15, 34, Raphaël Guerreiro 20, Nicolas Jackson 31, Michael Olise 68 | E39: 45662 | F39: Limassol (Alphamega Stadium)
A40: 3 | B40: Bayern Monachium | C40: Club Brugge | D40: Lennart Karl 5, Harry Kane 14, Luis Díaz 34, Nicolas Jackson 79 | E40: 4-0 | F40: Monachium (Allianz Arena)
A41: 4 | B41: Paris Saint-Germain | C41: Bayern Monachium | D41: Luis Díaz 4, 32 | E41: 45659 | F41: Paryż (Parc des Princes)
A42: 5 | B42: Arsenal | C42: Bayern Monachium | D42: Lennart Karl 32 | E42: 45717 | F42: Londyn (Emirates Stadium)
A43: 6 | B43: Bayern Monachium | C43: Sporting CP | D43: Serge Gnabry 65, Lennart Karl 69, Jonathan Tah 77 | E43: 45717 | F43: Monachium (Allianz Arena)
A44: 7 | B44: Bayern Monachium | C44: Union Saint-Gilloise | D44: Harry Kane 52, 55 (k) | E44: 2-0 | F44: Monachium (Allianz Arena)
A45: 8 | B45: PSV Eindhoven | C45: Bayern Monachium | F45: Eindhoven (Phillips Stadion)

Sheet Benfica
A1: numer | B1: imię i nazwisko | C1: pozycja | D1: narodowość | E1: flaga | F1: data urodzenia | G1: wiek | H1: mecze | I1: minuty | J1: gole | K1: asysty | L1: żółte kartki | M1: czerwone kartki | N1: czyste konta | O1: gole samobójcze | P1: kanadyjka | Q1: obronione karne
A2: 1 | B2: Anatolij Trubin | C2: bramkarz | D2: Ukraina | E2: =IMAGE("https://flagcdn.com/w320/ua.png") | F2: 37104 | G2: =DATEDIF(F2,TODAY(),"Y") -> 24 | H2: =1+1+1+1+1+1+1 -> 7 | I2: =90+90+90+90+90+90+90 -> 630 | N2: =1+1 -> 2 | P2: =J2+K2 -> 0
A3: 3 | B3: Rafa Obrador | C3: obrońca | D3: Hiszpania | E3: =IMAGE("https://flagcdn.com/w320/es.png") | F3: 38041 | G3: =DATEDIF(F3,TODAY(),"Y") -> 21 | H3: =0 -> 0 | I3: =0 -> 0 | P3: =J3+K3 -> 0
A4: 4 | B4: António Silva | C4: obrońca | D4: Portugalia | E4: =IMAGE("https://flagcdn.com/w320/pt.png") | F4: 37924 | G4: =DATEDIF(F4,TODAY(),"Y") -> 22 | H4: =1+1+1+1+1 -> 5 | I4: =90+72+90+90+15 -> 357 | P4: =J4+K4 -> 0
A5: 5 | B5: Enzo Barrenechea | C5: pomocnik | D5: Argentyna | E5: =IMAGE("https://flagcdn.com/w320/ar.png") | F5: 37033 | G5: =DATEDIF(F5,TODAY(),"Y") -> 24 | H5: =1+1+1+1+1+1+1 -> 7 | I5: =90+90+90+90+90+90+22 -> 562 | J5: =1 -> 1 | L5: =1 -> 1 | P5: =J5+K5 -> 1
A6: 6 | B6: Alexander Bah | C6: obrońca | D6: Dania /Gambia | E6: =IMAGE("https://flagcdn.com/w320/dk.png") | F6: 35773 | G6: =DATEDIF(F6,TODAY(),"Y") -> 28 | P6: =J6+K6 -> 0
A7: 7 | B7: Bruma | C7: napastnik | D7: Portugalia /Gwinea Bissau | E7: =IMAGE("https://flagcdn.com/w320/pt.png") | F7: 34631 | G7: =DATEDIF(F7,TODAY(),"Y") -> 31 | H7: 0 | I7: 0 | P7: =J7+K7 -> 0
A8: 8 | B8: Fredrik Aursnes | C8: pomocnik | D8: Norwegia | E8: =IMAGE("https://flagcdn.com/w320/no.png") | F8: 35043 | G8: =DATEDIF(F8,TODAY(),"Y") -> 30 | H8: =1+1+1+1+1+1+1 -> 7 | I8: =69+88+90+90+90+89+90 -> 606 | K8: =1 -> 1 | L8: =1 -> 1 | P8: =J8+K8 -> 1
A9: 9 | B9: Franjo Ivanović | C9: napastnik | D9: Chorwacja | E9: =IMAGE("https://flagcdn.com/w320/hr.png") | F9: 37895 | G9: =DATEDIF(F9,TODAY(),"Y") -> 22 | H9: =1+1+1+1+1 -> 5 | I9: =21+14+28+75+22 -> 160 | P9: =J9+K9 -> 0
A10: 10 | B10: Heorhij Sudakow | C10: pomocnik | D10: Ukraina | E10: =IMAGE("https://flagcdn.com/w320/ua.png") | F10: 37500 | G10: =DATEDIF(F10,TODAY(),"Y") -> 23 | H10: =1+1+1+1+1+1+1 -> 7 | I10: =90+76+90+68+80+75+68 -> 547 | K10: =1 -> 1 | P10: =J10+K10 -> 1
A11: 11 | B11: Dodi Lukébakio | C11: napastnik | D11: Belgia /Demokratyczne Republika Konga | E11: =IMAGE("https://flagcdn.com/w320/be.png") | F11: 35697 | G11: =DATEDIF(F11,TODAY(),"Y") -> 28 | H11: =1+1+1 -> 3 | I11: =76+90+90 -> 256 | L11: =1+1 -> 2 | P11: =J11+K11 -> 0
A12: 14 | B12: Vangélis Pavlídis | C12: napastnik | D12: Grecja | E12: =IMAGE("https://flagcdn.com/w320/gr.png") | F12: 36120 | G12: =DATEDIF(F12,TODAY(),"Y") -> 27 | H12: =1+1+1+1+1+1+1 -> 7 | I12: =78+90+90+90+89+15+90 -> 542 | J12: =1 -> 1 | P12: =J12+K12 -> 1
A13: 16 | B13: Manu Silva | C13: pomocnik | D13: Portugalia | E13: =IMAGE("https://flagcdn.com/w320/pt.png") | F13: 37054 | G13: =DATEDIF(F13,TODAY(),"Y") -> 24 | H13: =1 -> 1 | I13: =1 -> 1 | P13: =J13+K13 -> 0
A14: 17 | B14: Amar Dedić | C14: obrońca | D14: Bośnia i Hercegowina | E14: =IMAGE("https://flagcdn.com/w320/ba.png") | F14: 37486 | G14: =DATEDIF(F14,TODAY(),"Y") -> 23 | H14: =1+1+1+1+1+1+1 -> 7 | I14: =90+90+62+22+90+90+90 -> 534 | L14: =1 -> 1 | P14: =J14+K14 -> 0
A15: 18 | B15: Leandro Barreiro | C15: pomocnik | D15: Luksemburg /Portugalia | E15: =IMAGE("https://flagcdn.com/w320/lu.png") | F15: 36528 | G15: =DATEDIF(F15,TODAY(),"Y") -> 26 | H15: =1+1+1+1+1+1 -> 6 | I15: =12+14+68+89+89+90 -> 362 | J15: =1+1 -> 2 | P15: =J15+K15 -> 2
A16: 20 | B16: Richard Riós | C16: pomocnik | D16: Kolumbia | E16: =IMAGE("https://flagcdn.com/w320/co.png") | F16: 36679 | G16: =DATEDIF(F16,TODAY(),"Y") -> 25 | H16: =1+1+1+1+1+1 -> 6 | I16: =78+76+90+90+90+90 -> 514 | J16: =1 -> 1 | K16: =1+1 -> 2 | L16: =1 -> 1 | O16: =1 -> 1 | P16: =J16+K16 -> 3
A17: 21 | B17: Andreas Scjelderup | C17: napastnik | D17: Norwegia | E17: =IMAGE("https://flagcdn.com/w320/no.png") | F17: 38139 | G17: =DATEDIF(F17,TODAY(),"Y") -> 21 | H17: =1+1+1+1 -> 4 | I17: =69+14+22+68 -> 173 | P17: =J17+K17 -> 0
A18: 24 | B18: Samuel Soares | C18: bramkarz | D18: Portugalia /Gwinea Bissau | E18: =IMAGE("https://flagcdn.com/w320/pt.png") | F18: 37422 | G18: =DATEDIF(F18,TODAY(),"Y") -> 23 | H18: =0 -> 0 | I18: =0 -> 0 | P18: =J18+K18 -> 0
A19: 25 | B19: Gianluca Prestianni | C19: napastnik | D19: Argentyna /Włochy | E19: =IMAGE("https://flagcdn.com/w320/ar.png") | F19: 38748 | G19: =DATEDIF(F19,TODAY(),"Y") -> 19 | H19: =1+1+1 -> 3 | I19: =21+22+76 -> 119 | P19: =J19+K19 -> 0
A20: 26 | B20: Samuel Dahl | C20: obrońca | D20: Szwecja | E20: =IMAGE("https://flagcdn.com/w320/se.png") | F20: 37684 | G20: =DATEDIF(F20,TODAY(),"Y") -> 22 | H20: =1+1+1+1+1+1 -> 6 | I20: =90+90+68+90+90+90 -> 518 | J20: =1 -> 1 | L20: =1 -> 1 | P20: =J20+K20 -> 1
A21: 30 | B21: Nicolás Otamendi | C21: obrońca | D21: Argentyna | E21: =IMAGE("https://flagcdn.com/w320/ar.png") | F21: 32185 | G21: =DATEDIF(F21,TODAY(),"Y") -> 37 | H21: =1+1+1+1+1+1+1 -> 7 | I21: =90+90+90+90+90+90+90 -> 630 | L21: =1+1 -> 2 | P21: =J21+K21 -> 0
A22: 39 | B22: Henrique Araújo | C22: napastnik | D22: Portugalia | E22: =IMAGE("https://flagcdn.com/w320/pt.png") | F22: 37275 | G22: =DATEDIF(F22,TODAY(),"Y") -> 24 | H22: =1+1 -> 2 | I22: =12+2 -> 14 | P22: =J22+K22 -> 0
A23: 44 | B23: Tomás Araújo | C23: obrońca | D23: Portugalia | E23: =IMAGE("https://flagcdn.com/w320/pt.png") | F23: 37392 | G23: =DATEDIF(F23,TODAY(),"Y") -> 23 | H23: =1+1+1+1+1+1 -> 6 | I23: =18+90+90+10+90+90 -> 388 | L23: =1 -> 1 | P23: =J23+K23 -> 0
A24: 50 | B24: Diogo Ferreira | C24: bramkarz | D24: Portugalia | E24: =IMAGE("https://flagcdn.com/w320/pt.png") | F24: 39123 | G24: =DATEDIF(F24,TODAY(),"Y") -> 18 | H24: 0 | I24: 0 | P24: =J24+K24 -> 0
A25: 58 | B25: Daniel Banjaqui | C25: obrońca | D25: Portugalia /Gwinea Bissau | E25: =IMAGE("https://flagcdn.com/w320/pt.png") | F25: 39531 | G25: =DATEDIF(F25,TODAY(),"Y") -> 17 | H25: 0 | I25: 0 | P25: =J25+K25 -> 0
A26: 60 | B26: Nuno Félix | C26: pomocnik | D26: Portugalia | E26: =IMAGE("https://flagcdn.com/w320/pt.png") | F26: 38062 | G26: =DATEDIF(F26,TODAY(),"Y") -> 21 | P26: =J26+K26 -> 0
A27: 62 | B27: José Neto | C27: obrońca | D27: Portugalia | E27: =IMAGE("https://flagcdn.com/w320/pt.png") | F27: 39191 | G27: =DATEDIF(F27,TODAY(),"Y") -> 18 | H27: =1 -> 1 | I27: =1 -> 1 | P27: =J27+K27 -> 0
A28: 64 | B28: Gonçalo Oliveira | C28: obrońca | D28: Portugalia | E28: =IMAGE("https://flagcdn.com/w320/pt.png") | F28: 38902 | G28: =DATEDIF(F28,TODAY(),"Y") -> 19 | H28: =0 -> 0 | I28: =0 -> 0 | P28: =J28+K28 -> 0
A29: 66 | B29: Joshua Wynder | C29: obrońca | D29: USA | E29: =IMAGE("https://flagcdn.com/w320/us.png") | F29: 38474 | G29: =DATEDIF(F29,TODAY(),"Y") -> 20 | H29: 0 | I29: 0 | P29: =J29+K29 -> 0
A30: 67 | B30: Rodrigo Rêgo | C30: napastnik | D30: Portugalia | E30: =IMAGE("https://flagcdn.com/w320/pt.png") | F30: 38355 | G30: =DATEDIF(F30,TODAY(),"Y") -> 21 | H30: =1 -> 1 | I30: =1 -> 1 | P30: =J30+K30 -> 0
A31: 68 | B31: João Veloso | C31: pomocnik | D31: Portugalia | E31: =IMAGE("https://flagcdn.com/w320/pt.png") | F31: 38529 | G31: =DATEDIF(F31,TODAY(),"Y") -> 20 | H31: 0 | I31: 0 | P31: =J31+K31 -> 0
A32: 71 | B32: Leandro Santos | C32: obrońca | D32: Portugalia | E32: =IMAGE("https://flagcdn.com/w320/pt.png") | F32: 38623 | G32: =DATEDIF(F32,TODAY(),"Y") -> 20 | H32: =0 -> 0 | I32: =0 -> 0 | P32: =J32+K32 -> 0
A33: 84 | B33: João Rego | C33: pomocnik | D33: Portugalia | E33: =IMAGE("https://flagcdn.com/w320/pt.png") | F33: 38492 | G33: =DATEDIF(F33,TODAY(),"Y") -> 20 | H33: =1 -> 1 | I33: =14 -> 14 | P33: =J33+K33 -> 0
A34: 86 | B34: Diogo Prioste | C34: pomocnik | D34: Portugalia | E34: =IMAGE("https://flagcdn.com/w320/pt.png") | F34: 38072 | G34: =DATEDIF(F34,TODAY(),"Y") -> 21 | H34: =0 -> 0 | I34: =0 -> 0 | P34: =J34+K34 -> 0
A35: 88 | B35: Tiago Freitas | C35: pomocnik | D35: Portugalia | E35: =IMAGE("https://flagcdn.com/w320/pt.png") | F35: 38946 | G35: =DATEDIF(F35,TODAY(),"Y") -> 19 | H35: =1 -> 1 | I35: =1 -> 1 | P35: =J35+K35 -> 0
A36: 90 | B36: Ivan Lima | C36: napastnik | D36: Portugalia /Wyspy Świętego Tomasza i Książęca | E36: =IMAGE("https://flagcdn.com/w320/pt.png") | F36: 38365 | G36: =DATEDIF(F36,TODAY(),"Y") -> 21 | H36: =0 -> 0 | I36: =0 -> 0 | P36: =J36+K36 -> 0
H37: =SUM(H2:H36) -> 100 | I37: =SUM(I2:I36) -> 6930 | J37: =SUM(J2:J36) -> 6 | K37: =SUM(K2:K36) -> 4 | L37: =SUM(L2:L36) -> 10 | M37: =SUM(M2:M36) -> 0 | N37: =SUM(N2:N36) -> 2 | O37: =SUM(O2:O36) -> 1 | ... Q37: =SUM(Q2:Q36) -> 0
A38: lp | B38: imię i nazwisko | C38: rola | D38: narodowość | E38: flaga | F38: data urodzenia | G38: wiek | H38: mecze | I38: punkty | J38: strzelone | K38: stracone | L38: wygrane | M38: remisy | N38: porażki
B39: Nélson Veríssimo | C39: trener | D39: Portugalia | E39: =IMAGE("https://flagcdn.com/w320/pt.png") | F39: 28232 | G39: =DATEDIF(F39,TODAY(),"Y") -> 48 | H39: =L39+M39+N39 -> 1 | I39: =(3*L39)+M39 -> 0 | J39: =2 -> 2 | K39: =3 -> 3 | L39: =0 -> 0 | M39: =0 -> 0 | N39: =1 -> 1
B40: José Mourinho | C40: trener | D40: Portugalia | E40: =IMAGE("https://flagcdn.com/w320/pt.png") | F40: 23037 | G40: =DATEDIF(F40,TODAY(),"Y") -> 63 | H40: =L40+M40+N40 -> 6 | I40: =(3*L40)+M40 -> 6 | J40: =2+2 -> 4 | K40: =1+3+1+2 -> 7 | L40: =1+1 -> 2 | M40: =0 -> 0 | N40: =1+1+1+1 -> 4
H41: =SUM(trenerBenfica[mecze]) -> 7 | I41: =SUM(trenerBenfica[punkty]) -> 6 | J41: =SUM(trenerBenfica[strzelone]) -> 6 | K41: =SUM(trenerBenfica[stracone]) -> 10 | L41: =SUM(trenerBenfica[wygrane]) -> 2 | M41: =SUM(trenerBenfica[remisy]) -> 0 | N41: =SUM(trenerBenfica[porażki]) -> 5
A42: kolejka | B42: gospodarze | C42: goście | D42: gole dla Benfici | E42: wynik | F42: stadion
A43: 1 | B43: Benfica | C43: Karabach | D43: Enzo Barrenechea 6, Vangélis Pavlídis 16 | E43: 45691 | F43: Lizbona (Estádio da Luz)
A44: 2 | B44: Chelsea | C44: Benfica | E44: 1-0 | F44: Londyn (Stamford Bridge)
A45: 3 | B45: Newcastle United | C45: Benfica | E45: 3-0 | F45: Newcastle upon Tyne (St James' Park)
A46: 4 | B46: Benfica | C46: Bayer Leverkusen | E46: 0-1 | F46: Lizbona (Estádio da Luz)
A47: 5 | B47: Ajax | C47: Benfica | D47: Samuel Dahl 6, Leandro Barreiro 90 | E47: 0-2 | F47: Amsterdam (Johan Cruyff Arena)
A48: 6 | B48: Benfica | C48: Napoli | D48: Richard Riós 20, Leandro Barreiro 49 | E48: 2-0 | F48: Lizbona (Estádio da Luz)
A49: 7 | B49: Juventus | C49: Benfica | E49: 2-0 | F49: Turyn (Juventus Stadium)
A50: 8 | B50: Benfica | C50: Real Madryt | F50: Lizbona (Estádio da Luz)

Sheet Bodo
A1: numer | B1: imię i nazwisko | C1: pozycja | D1: narodowość | E1: flaga | F1: data urodzenia | G1: wiek | H1: mecze | I1: minuty | J1: gole | K1: asysty | L1: żółte kartki | M1: czerwone kartki | N1: czyste konta | O1: gole samobójcze | P1: kanadyjka | Q1: obronione karne
A2: 1 | B2: Julian Faye Lund | C2: bramkarz | D2: Norwegia | E2: =IMAGE("https://flagcdn.com/w320/no.png") | F2: 36300 | G2: =DATEDIF(F2,TODAY(),"Y") -> 26 | H2: 0 | I2: 0 | P2: =J2+K2 -> 0
A3: 2 | B3: Villads Nielsen | C3: obrońca | D3: Dania | E3: =IMAGE("https://flagcdn.com/w320/dk.png") | F3: 38381 | G3: =DATEDIF(F3,TODAY(),"Y") -> 20 | H3: =1+1+1+1 -> 4 | I3: =6+22+5+23 -> 56 | P3: =J3+K3 -> 0
A4: 4 | B4: Odin Bjørtuft | C4: obrońca | D4: Norwegia | E4: =IMAGE("https://flagcdn.com/w320/no.png") | F4: 36148 | G4: =DATEDIF(F4,TODAY(),"Y") -> 27 | H4: =1+1+1+1+1+1+1 -> 7 | I4: =90+90+90+90+90+90+90 -> 630 | L4: =1 -> 1 | P4: =J4+K4 -> 0
A5: 5 | B5: Haitam Aleesami | C5: obrońca | D5: Norwegia | E5: =IMAGE("https://flagcdn.com/w320/no.png") | F5: 35157 | G5: =DATEDIF(F5,TODAY(),"Y") -> 29 | H5: =1+1+1+1+1 -> 5 | I5: =84+89+68+60+67 -> 368 | J5: =1 -> 1 | L5: =1 -> 1 | P5: =J5+K5 -> 1
A6: 6 | B6: Jostein Gundersen | C6: obrońca | D6: Norwegia | E6: =IMAGE("https://flagcdn.com/w320/no.png") | F6: 35157 | G6: =DATEDIF(F6,TODAY(),"Y") -> 29 | H6: =1+1+1+1 -> 4 | I6: =64+4+35+90 -> 193 | M6: =1 -> 1 | O6: =1 -> 1 | P6: =J6+K6 -> 0
A7: 7 | B7: Patrick Berg | C7: pomocnik | D7: Norwegia | E7: =IMAGE("https://flagcdn.com/w320/no.png") | F7: 35758 | G7: =DATEDIF(F7,TODAY(),"Y") -> 28 | H7: =1+1+1+1+1+1+1 -> 7 | I7: =90+90+90+90+90+90+90 -> 630 | K7: =1 -> 1 | L7: =1+1 -> 2 | P7: =J7+K7 -> 1
A8: 8 | B8: Sondre Auklend | C8: pomocnik | D8: Norwegia | E8: =IMAGE("https://flagcdn.com/w320/no.png") | F8: 37782 | G8: =DATEDIF(F8,TODAY(),"Y") -> 22 | H8: =1+1+1+1+1+1 -> 6 | I8: =73+79+90+90+30+15 -> 377 | L8: =1+1 -> 2 | P8: =J8+K8 -> 0
A9: 9 | B9: Kasper Høgh | C9: napastnik | D9: Dania | E9: =IMAGE("https://flagcdn.com/w320/dk.png") | F9: 36866 | G9: =DATEDIF(F9,TODAY(),"Y") -> 25 | H9: =1+1+1+1+1+1+1 -> 7 | I9: =73+79+68+72+86+67+75 -> 520 | J9: =2 -> 2 | K9: =1 -> 1 | P9: =J9+K9 -> 3
A10: 10 | B10: Jens Petter Hauge | C10: napastnik | D10: Norwegia | E10: =IMAGE("https://flagcdn.com/w320/no.png") | F10: 36445 | G10: =DATEDIF(F10,TODAY(),"Y") -> 26 | H10: =1+1+1+1+1+1+1 -> 7 | I10: =90+90+90+85+14+90+90 -> 549 | J10: =2+1+1 -> 4 | P10: =J10+K10 -> 4
A11: 11 | B11: Ole Didrik Blomberg | C11: napastnik | D11: Norwegia | E11: =IMAGE("https://flagcdn.com/w320/no.png") | F11: 36689 | G11: =DATEDIF(F11,TODAY(),"Y") -> 25 | H11: =1+1+1+1+1 -> 5 | I11: =11+18+76+67+75 -> 247 | J11: =1 -> 1 | K11: =2 -> 2 | P11: =J11+K11 -> 3
A12: 12 | B12: Nikita Chajkin | C12: bramkarz | D12: Rosja /Izrael | E12: =IMAGE("https://flagcdn.com/w320/ru.png") | F12: 34891 | G12: =DATEDIF(F12,TODAY(),"Y") -> 30 | H12: =1+1+1+1+1+1+1 -> 7 | I12: =90+90+90+90+90+90+90 -> 630 | P12: =J12+K12 -> 0
A13: 14 | B13: Ulrik Saltnes | C13: pomocnik | D13: Norwegia | E13: =IMAGE("https://flagcdn.com/w320/no.png") | F13: 33918 | G13: =DATEDIF(F13,TODAY(),"Y") -> 33 | H13: =1+1 -> 2 | I13: =45+15 -> 60 | P13: =J13+K13 -> 0
A14: 15 | B14: Fredrik Bjørkan | C14: obrońca | D14: Norwegia | E14: =IMAGE("https://flagcdn.com/w320/no.png") | F14: 36028 | G14: =DATEDIF(F14,TODAY(),"Y") -> 27 | H14: =1+1+1+1+1 -> 5 | I14: =90+80+85+90+90 -> 435 | K14: =1 -> 1 | L14: =1 -> 1 | P14: =J14+K14 -> 1
A15: 17 | B15: Ola Brynhildsen | C15: napastnik | D15: Norwegia | E15: =IMAGE("https://flagcdn.com/w320/no.png") | F15: 36277 | G15: =DATEDIF(F15,TODAY(),"Y") -> 26 | P15: =J15+K15 -> 0
A16: 18 | B16: Brede Moe | C16: obrońca | D16: Norwegia | E16: =IMAGE("https://flagcdn.com/w320/no.png") | F16: 33587 | G16: =DATEDIF(F16,TODAY(),"Y") -> 34 | H16: =1+1 -> 2 | I16: =45+30 -> 75 | P16: =J16+K16 -> 0
A17: 19 | B17: Sondre Brunstad Fet | C17: pomocnik | D17: Norwegia | E17: =IMAGE("https://flagcdn.com/w320/no.png") | F17: 35447 | G17: =DATEDIF(F17,TODAY(),"Y") -> 29 | H17: =1+1+1+1+1+1+1 -> 7 | I17: =17+90+68+72+90+45+81 -> 463 | J17: =1+1 -> 2 | K17: =1 -> 1 | P17: =J17+K17 -> 3
A18: 20 | B18: Fredrik Sjøvold | C18: obrońca | D18: Norwegia | E18: =IMAGE("https://flagcdn.com/w320/no.png") | F18: 37850 | G18: =DATEDIF(F18,TODAY(),"Y") -> 22 | H18: =1+1+1+1+1+1+1 -> 7 | I18: =90+90+90+90+90+90+90 -> 630 | P18: =J18+K18 -> 0
A19: 21 | B19: Andreas Helmersen | C19: napastnik | D19: Norwegia | E19: =IMAGE("https://flagcdn.com/w320/no.png") | F19: 35869 | G19: =DATEDIF(F19,TODAY(),"Y") -> 27 | H19: =1+1+1+1+1+1+1 -> 7 | I19: =17+11+22+18+4+23+15 -> 110 | J19: =1 -> 1 | P19: =J19+K19 -> 1
A20: 22 | B20: Anders Klynge | C20: pomocnik | D20: Dania | E20: =IMAGE("https://flagcdn.com/w320/dk.png") | F20: 36813 | G20: =DATEDIF(F20,TODAY(),"Y") -> 25 | H20: =1+1+1 -> 3 | I20: =1+3+9 -> 13 | P20: =J20+K20 -> 0
A21: 23 | B21: Magnus Riisnæs | C21: pomocnik | D21: Norwegia | E21: =IMAGE("https://flagcdn.com/w320/no.png") | F21: 38295 | G21: =DATEDIF(F21,TODAY(),"Y") -> 21 | H21: =1 -> 1 | I21: =26 -> 26 | P21: =J21+K21 -> 0
A22: 24 | B22: Daniel Bassi | C22: napastnik | D22: Norwegia /Anglia | E22: =IMAGE("https://flagcdn.com/w320/no.png") | F22: 38291 | G22: =DATEDIF(F22,TODAY(),"Y") -> 21 | H22: =1+1 -> 2 | I22: =45+22 -> 67 | J22: =1 -> 1 | P22: =J22+K22 -> 1
A23: 25 | B23: Isak Dybvik Määttä | C23: napastnik | D23: Norwegia | E23: =IMAGE("https://flagcdn.com/w320/no.png") | F23: 37153 | G23: =DATEDIF(F23,TODAY(),"Y") -> 24 | H23: =1+1+1+1+1 -> 5 | I23: =10+5+60+81+9 -> 165 | P23: =J23+K23 -> 0
A24: 26 | B24: Håkon Evjen | C24: pomocnik | D24: Norwegia | E24: =IMAGE("https://flagcdn.com/w320/no.png") | F24: 36570 | G24: =DATEDIF(F24,TODAY(),"Y") -> 25 | H24: =1+1+1+1+1+1+1 -> 7 | I24: =90+86+87+90+76+90+75 -> 594 | K24: =2+1 -> 3 | P24: =J24+K24 -> 3
A25: 30 | B25: Mathias Jørgensen | C25: napastnik | D25: Dania | E25: =IMAGE("https://flagcdn.com/w320/no.png") | F25: 36789 | G25: =DATEDIF(F25,TODAY(),"Y") -> 25 | H25: =1+1+1 -> 3 | I25: =45+14+23 -> 82 | P25: =J25+K25 -> 0
A26: 40 | B26: Kasper Johansen Solhaug | C26: pomocnik | D26: Norwegia | E26: =IMAGE("https://flagcdn.com/w320/no.png") | F26: 39205 | G26: =DATEDIF(F26,TODAY(),"Y") -> 18 | P26: =J26+K26 -> 0
A27: 41 | B27: Jesber Berg-Hanssen | C27: pomocnik | D27: Norwegia | E27: =IMAGE("https://flagcdn.com/w320/no.png") | F27: 38983 | G27: =DATEDIF(F27,TODAY(),"Y") -> 19 | P27: =J27+K27 -> 0
A28: 31 | B28: Hindrin Najah Chooly | C28: napastnik | D28: Norwegia | E28: =IMAGE("https://flagcdn.com/w320/no.png") | F28: 39617 | G28: =DATEDIF(F28,TODAY(),"Y") -> 17 | H28: 0 | I28: 0 | P28: =J28+K28 -> 0
A29: 42 | B29: Magnus Fagervik Antonsen | C29: obrońca | D29: Norwegia | E29: =IMAGE("https://flagcdn.com/w320/no.png") | F29: 38880 | G29: =DATEDIF(F29,TODAY(),"Y") -> 19 | P29: =J29+K29 -> 0
A30: 43 | B30: Eryk Łukaszka | C30: napastnik | D30: Polska /Norwegia | E30: =IMAGE("https://flagcdn.com/w320/pl.png") | F30: 39562 | G30: =DATEDIF(F30,TODAY(),"Y") -> 17 | P30: =J30+K30 -> 0
A31: 44 | B31: Magnus Brøndbo | C31: bramkarz | D31: Norwegia | E31: =IMAGE("https://flagcdn.com/w320/no.png") | F31: 38413 | G31: =DATEDIF(F31,TODAY(),"Y") -> 20 | H31: 0 | I31: 0 | P31: =J31+K31 -> 0
A32: 45 | B32: Isak Sjong | C32: bramkarz | D32: Norwegia | E32: =IMAGE("https://flagcdn.com/w320/no.png") | F32: 39090 | G32: =DATEDIF(F32,TODAY(),"Y") -> 19 | H32: 0 | I32: 0 | P32: =J32+K32 -> 0
A33: 77 | B33: Mikkel Bro Hansen | C33: napastnik | D33: Dania | E33: =IMAGE("https://flagcdn.com/w320/dk.png") | F33: 39838 | G33: =DATEDIF(F33,TODAY(),"Y") -> 17 | H33: 0 | I33: 0 | P33: =J33+K33 -> 0
H34: =SUM(H2:H33) -> 110 | I34: =SUM(I2:I33)+10 -> 6930 | J34: =SUM(J2:J33) -> 12 | K34: =SUM(K2:K33) -> 9 | L34: =SUM(L2:L33) -> 7 | M34: =SUM(M2:M33) -> 1 | N34: =SUM(N2:N33) -> 0 | O34: =SUM(O2:O33) -> 1 | P34: =SUM(P2:P33) -> 21 | Q34: =SUM(Q2:Q33) -> 0
A35: lp | B35: imię i nazwisko | C35: rola | D35: narodowość | E35: flaga | F35: data urodzenia | G35: wiek | H35: mecze | I35: punkty | J35: strzelone | K35: stracone | L35: wygrane | M35: remisy | N35: porażki
B36: Kjetil Knutsen | C36: trener | D36: Norwegia | E36: =IMAGE("https://flagcdn.com/w320/no.png") | F36: 25113 | G36: =DATEDIF(F36,TODAY(),"Y") -> 57 | H36: =L36+M36+N36 -> 7 | I36: =(3*L36)+M36 -> 6 | J36: =2+2+1+2+2+3 -> 12 | K36: =2+2+3+1+3+2+1 -> 14 | L36: =1 -> 1 | M36: =1+1+1 -> 3 | N36: =1+1+1 -> 3
H37: =SUM(trenerBodo[mecze]) -> 7 | I37: =SUM(trenerBodo[punkty]) -> 6 | J37: =SUM(trenerBodo[strzelone]) -> 12 | K37: =SUM(trenerBodo[stracone]) -> 14 | L37: =SUM(trenerBodo[wygrane]) -> 1 | M37: =SUM(trenerBodo[remisy]) -> 3 | N37: =SUM(trenerBodo[porażki]) -> 3
A38: kolejka | B38: gospodarze | C38: goście | D38: gole dla Bodo | E38: wynik | F38: stadion
A39: 1 | B39: Slavia Praga | C39: Bodø/Glimt | D39: Daniel Bassi 78, Sondre Brunstad Fet 90 | E39: 45690 | F39: Praga (Fortuna Arena)
A40: 2 | B40: Bodø/Glimt | C40: Tottenham Hotspur | D40: Jens Petter Hauge 53, 66 | E40: 45690 | F40: Bodø (Aspmyra Staduon)
A41: 3 | B41: Galatasaray | C41: Bodø/Glimt | D41: Andreas Helmersen 75 | E41: 45717 | F41: Stambuł (Rams Park)
A42: 4 | B42: Bodø/Glimt | C42: Monaco | E42: 0-1 | F42: Bodø (Aspmyra Staduon)
A43: 5 | B43: Bodø/Glimt | C43: Juventus | D43: Ole Didrik Blomberg 27, Sondre Brunstad Fet 87 (k) | E43: 45691 | F43: Bodø (Aspmyra Staduon)
A44: 6 | B44: Borussia Dortmund | C44: Bodø/Glimt | D44: Haitam Aleesami 42, Jens Peter Hauge 75 | E44: 45690 | F44: Dortmund (Westfalenstadion)
A45: 7 | B45: Bodø/Glimt | C45: Manchester City | D45: Kasper Høgh 22, 24, Jens Peter Hauge 58 | E45: 46082 | F45: Bodø (Aspmyra Staduon)
A46: 8 | B46: Atlético Madyt | C46: Bodø/Glimt | F46: Madryt (Metropolitano Stadium)

Sheet Chelsea
A1: numer | B1: imię i nazwisko | C1: pozycja | D1: narodowość | E1: flaga | F1: data urodzenia | G1: wiek | H1: mecze | I1: minuty | J1: gole | K1: asysty | L1: żółte kartki | M1: czerwone kartki | N1: czyste konta | O1: gole samobójcze | P1: kanadyjka | Q1: obronione karne
A2: 1 | B2: Robert Sánchez | C2: bramkarz | D2: Hiszpania /Anglia | E2: =IMAGE("https://flagcdn.com/w320/es.png") | F2: 35752 | G2: =DATEDIF(F2,TODAY(),"Y") -> 28 | H2: =1+1+1+1+1+1 -> 6 | I2: =90+90+90+90+90+45 -> 495 | N2: =1+1+0.5 -> 2.5 | P2: =J2+K2 -> 0
A3: 3 | B3: Marc Cucurella | C3: obrońca | D3: Hiszpania | E3: =IMAGE("https://flagcdn.com/w320/es.png") | F3: 35998 | G3: =DATEDIF(F3,TODAY(),"Y") -> 27 | H3: =1+1+1+1+1+1 -> 6 | I3: =90+90+90+90+90+21 -> 471 | P3: =J3+K3 -> 0
A4: 4 | B4: Tosin Adarabioyo | C4: obrońca | D4: Anglia /Nigeria | E4: =IMAGE("https://flagcdn.com/w320/gb-eng.png") | F4: 35697 | G4: =DATEDIF(F4,TODAY(),"Y") -> 28 | H4: =1+1+1+1 -> 4 | I4: =90+45+90+15 -> 240 | L4: =1 -> 1 | P4: =J4+K4 -> 0
A5: 5 | B5: Benoît Badiashile | C5: obrońca | D5: Francja /Demokratyczna Republika Konaga | E5: =IMAGE("https://flagcdn.com/w320/fr.png") | F5: 36976 | G5: =DATEDIF(F5,TODAY(),"Y") -> 24 | H5: =1+1+1 -> 3 | I5: =79+90+90 -> 259 | P5: =J5+K5 -> 0
A6: 6 | B6: Levi Colwill | C6: obrońca | D6: Anglia | E6: =IMAGE("https://flagcdn.com/w320/gb-eng.png") | F6: 37678 | G6: =DATEDIF(F6,TODAY(),"Y") -> 22 | P6: =J6+K6 -> 0
A7: 7 | B7: Pedro Neto | C7: napastnik | D7: Portugalia | E7: =IMAGE("https://flagcdn.com/w320/pt.png") | F7: 36594 | G7: =DATEDIF(F7,TODAY(),"Y") -> 25 | H7: =1+1+1+1+1 -> 5 | I7: =67+90+75+66+90 -> 388 | P7: =J7+K7 -> 0
A8: 8 | B8: Enzo Fernández | C8: pomocnik | D8: Argentyna | E8: =IMAGE("https://flagcdn.com/w320/ar.png") | F8: 36908 | G8: =DATEDIF(F8,TODAY(),"Y") -> 25 | H8: =1+1+1+1+1+1+1 -> 7 | I8: =80+90+45+45+90+66+90 -> 506 | J8: =1 -> 1 | K8: =1 -> 1 | L8: =1+1 -> 2 | P8: =J8+K8 -> 2
A9: 9 | B9: Liam Delap | C9: napastnik | D9: Anglia /Irlandia | E9: =IMAGE("https://flagcdn.com/w320/gb-eng.png") | F9: 37660 | G9: =DATEDIF(F9,TODAY(),"Y") -> 22 | H9: =1+1+1 -> 3 | I9: =45+32+69 -> 146 | J9: =1 -> 1 | P9: =J9+K9 -> 1
A10: 10 | B10: Cole Palmer | C10: pomocnik | D10: Anglia /St. Kitts i Nevis | E10: =IMAGE("https://flagcdn.com/w320/gb-eng.png") | F10: 37382 | G10: =DATEDIF(F10,TODAY(),"Y") -> 23 | H10: =1 -> 1 | I10: =90 -> 90 | J10: =1 -> 1 | P10: =J10+K10 -> 1
A11: 11 | B11: Jamie Gittens | C11: napastnik | D11: Anglia /Barbados | E11: =IMAGE("https://flagcdn.com/w320/gb-eng.png") | F11: 38207 | G11: =DATEDIF(F11,TODAY(),"Y") -> 21 | H11: =1+1+1+1+1+1 -> 6 | I11: =30+90+45+15+90+21 -> 291 | K11: =1 -> 1 | L11: =1 -> 1 | P11: =J11+K11 -> 1
A12: 12 | B12: Filip Jørgensen | C12: bramkarz | D12: Dania /Szwecja | E12: =IMAGE("https://flagcdn.com/w320/dk.png") | F12: 37362 | G12: =DATEDIF(F12,TODAY(),"Y") -> 23 | H12: =1+1 -> 2 | I12: =90+45 -> 135 | N12: =0.5 -> 0.5 | P12: =J12+K12 -> 0
A13: 14 | B13: Dário Essugo | C13: pomocnik | D13: Portugalia /Angola | E13: =IMAGE("https://flagcdn.com/w320/pt.png") | F13: 38425 | G13: =DATEDIF(F13,TODAY(),"Y") -> 20 | P13: =J13+K13 -> 0
A14: 17 | B14: Andrey Santos | C14: pomocnik | D14: Brazylia | E14: =IMAGE("https://flagcdn.com/w320/br.png") | F14: 38110 | G14: =DATEDIF(F14,TODAY(),"Y") -> 21 | H14: =1+1+1+1 -> 4 | I14: =23+45+45+45 -> 158 | K14: =1 -> 1 | L14: =1+1 -> 2 | P14: =J14+K14 -> 1
A15: 20 | B15: João Pedro | C15: napastnik | D15: Brazylia | E15: =IMAGE("https://flagcdn.com/w320/br.png") | F15: 37160 | G15: =DATEDIF(F15,TODAY(),"Y") -> 24 | H15: =1+1+1+1+1 -> 5 | I15: =90+29+70+90+21 -> 300 | J15: =1 -> 1 | L15: =2 -> 2 | M15: =1 -> 1 | P15: =J15+K15 -> 1
A16: 21 | B16: Jorrel Hato | C16: obrońca | D16: Holandia /Curaçao | E16: =IMAGE("https://flagcdn.com/w320/nl.png") | F16: 38783 | G16: =DATEDIF(F16,TODAY(),"Y") -> 19 | H16: =1+1+1 -> 3 | I16: =90+90+69 -> 249 | P16: =J16+K16 -> 0
A17: 23 | B17: Trevoh Chalobah | C17: obrońca | D17: Anglia /Sierra Leone | E17: =IMAGE("https://flagcdn.com/w320/gb-eng.png") | F17: 36346 | G17: =DATEDIF(F17,TODAY(),"Y") -> 26 | H17: =1+1+1+1+1 -> 5 | I17: =90+90+45+90+45 -> 360 | L17: =1 -> 1 | O17: =1 -> 1 | P17: =J17+K17 -> 0
A18: 24 | B18: Reece James | C18: obrońca | D18: Anglia | E18: =IMAGE("https://flagcdn.com/w320/gb-eng.png") | F18: 36502 | G18: =DATEDIF(F18,TODAY(),"Y") -> 26 | H18: =1+1+1+1+1+1 -> 6 | I18: =67+11+90+81+90+45 -> 384 | K18: =1+1 -> 2 | L18: =1 -> 1 | P18: =J18+K18 -> 2
A19: 25 | B19: Moisés Caicedo | C19: pomocnik | D19: Ekwador | E19: =IMAGE("https://flagcdn.com/w320/ec.png") | F19: 37197 | G19: =DATEDIF(F19,TODAY(),"Y") -> 24 | H19: =1+1+1+1+1+1+1 -> 7 | I19: =90+90+48+83+90+90+90 -> 581 | J19: =1+1 -> 2 | L19: =1 -> 1 | P19: =J19+K19 -> 2
A20: 27 | B20: Malo Gusto | C20: obrońca | D20: Francja /Martynika | E20: =IMAGE("https://flagcdn.com/w320/fr.png") | F20: 37760 | G20: =DATEDIF(F20,TODAY(),"Y") -> 22 | H20: =1+1+1+1+1 -> 5 | I20: =90+79+45+24+90 -> 328 | K20: =1 -> 1 | L20: =1 -> 1 | P20: =J20+K20 -> 1
A21: 29 | B21: Wesley Fofana | C21: obrońca | D21: Francja /Wybrzeże Kości Słoniowej | E21: =IMAGE("https://flagcdn.com/w320/fr.png") | F21: 36877 | G21: =DATEDIF(F21,TODAY(),"Y") -> 25 | H21: =1+1+1+1 -> 4 | I21: =90+90+30+90 -> 300 | K21: =1 -> 1 | P21: =J21+K21 -> 1
A22: 32 | B22: Tyrique George | C22: napastnik | D22: Anglia /Nigeria | E22: =IMAGE("https://flagcdn.com/w320/gb-eng.png") | F22: 38752 | G22: =DATEDIF(F22,TODAY(),"Y") -> 19 | H22: =1+1+1+1 -> 4 | I22: =60+45+45+9 -> 159 | J22: =1 -> 1 | P22: =J22+K22 -> 1
A23: 34 | B23: Josh Acheampong | C23: obrońca | D23: Anglia /Ghana | E23: =IMAGE("https://flagcdn.com/w320/gb-eng.png") | F23: 38842 | G23: =DATEDIF(F23,TODAY(),"Y") -> 19 | H23: =1+1+1+1 -> 4 | I23: =11+42+9+90 -> 152 | P23: =J23+K23 -> 0
A24: 35 | B24: Ted Curd | C24: bramkarz | D24: Anglia | E24: =IMAGE("https://flagcdn.com/w320/gb-eng.png") | F24: 38762 | G24: =DATEDIF(F24,TODAY(),"Y") -> 19 | H24: 0 | I24: 0 | P24: =J24+K24 -> 0
A25: 38 | B25: Marc Guiu | C25: napastnik | D25: Hiszpania | E25: =IMAGE("https://flagcdn.com/w320/es.png") | F25: 38721 | G25: =DATEDIF(F25,TODAY(),"Y") -> 20 | H25: =1 -> 1 | I25: =45 -> 45 | J25: =1 -> 1 | P25: =J25+K25 -> 1
A26: 40 | B26: Facundo Buonanote | C26: pomocnik | D26: Argentyna /Włochy | E26: =IMAGE("https://flagcdn.com/w320/ar.png") | F26: 38344 | G26: =DATEDIF(F26,TODAY(),"Y") -> 21 | H26: =1+1+1 -> 3 | I26: =53+90+20 -> 163 | L26: =1 -> 1 | P26: =J26+K26 -> 0
A27: 41 | B27: Estêvão | C27: napastnik | D27: Brazylia | E27: =IMAGE("https://flagcdn.com/w320/br.png") | F27: 39196 | G27: =DATEDIF(F27,TODAY(),"Y") -> 18 | H27: =1+1+1+1+1+1 -> 6 | I27: =10+37+90+90+81+45 -> 353 | J27: =1+1+1 -> 3 | L27: =1 -> 1 | P27: =J27+K27 -> 3
A28: 45 | B28: Roméo Lavia | C28: pomocnik | D28: Belgia | E28: =IMAGE("https://flagcdn.com/w320/be.png") | F28: 37992 | G28: =DATEDIF(F28,TODAY(),"Y") -> 22 | H28: =1+1 -> 2 | I28: =65+7 -> 72 | P28: =J28+K28 -> 0
A29: 46 | B29: Reggie Walsh | C29: pomocnik | D29: Anglia | E29: =IMAGE("https://flagcdn.com/w320/gb-eng.png") | F29: 39741 | G29: =DATEDIF(F29,TODAY(),"Y") -> 17 | H29: =1 -> 1 | I29: =25 -> 25 | P29: =J29+K29 -> 0
A30: 49 | B30: Alejandro Garnacho | C30: napastnik | D30: Argentyna /Hiszpania | E30: =IMAGE("https://flagcdn.com/w320/ar.png") | F30: 38169 | G30: =DATEDIF(F30,TODAY(),"Y") -> 21 | H30: =1+1+1+1+1+1 -> 6 | I30: =23+60+45+58+24+69 -> 279 | J30: =1 -> 1 | P30: =J30+K30 -> 1
A31: 50 | B31: Max Merrick | C31: bramkarz | D31: Anglia | E31: =IMAGE("https://flagcdn.com/w320/gb-eng.png") | F31: 38666 | G31: =DATEDIF(F31,TODAY(),"Y") -> 20 | H31: 0 | I31: 0 | P31: =J31+K31 -> 0
A32: 56 | B32: Landon Emenalo | C32: obrońca | D32: Anglia /USA | E32: =IMAGE("https://flagcdn.com/w320/gb-eng.png") | F32: 39465 | G32: =DATEDIF(F32,TODAY(),"Y") -> 18 | H32: 0 | I32: 0 | P32: =J32+K32 -> 0
A33: 76 | B33: Ryan Kavuma-McQueen | C33: napastnik | D33: Anglia /Uganda | E33: =IMAGE("https://flagcdn.com/w320/gb-eng.png") | F33: 39814 | G33: =DATEDIF(F33,TODAY(),"Y") -> 17 | H33: 0 | I33: 0 | P33: =J33+K33 -> 0
H34: =SUM(H2:H33) -> 109 | I34: =SUM(I2:I33)+1 -> 6930 | J34: =SUM(J2:J33) -> 12 | K34: =SUM(K2:K33) -> 7 | L34: =SUM(L2:L33) -> 14 | M34: =SUM(M2:M33) -> 1 | N34: =SUM(N2:N33) -> 3 | O34: =SUM(O2:O33) -> 1 | P34: =SUM(P2:P33) -> 19 | Q34: =SUM(Q2:Q33) -> 0
A35: lp | B35: imię i nazwisko | C35: rola | D35: narodowość | E35: flaga | F35: data urodzenia | G35: wiek | H35: mecze | I35: punkty | J35: strzelone | K35: stracone | L35: wygrane | M35: remisy | N35: porażki
B36: Enzo Maresca | C36: trener | D36: Włochy | E36: =IMAGE("https://flagcdn.com/w320/it.png") | F36: 29261 | G36: =DATEDIF(F36,TODAY(),"Y") -> 45 | H36: =L36+M36+N36 -> 6 | I36: =(3*L36)+M36 -> 10 | J36: =1+1+5+2+3+1 -> 13 | K36: =3+1+2+2 -> 8 | L36: =1+1+1 -> 3 | M36: =1 -> 1 | N36: =1+1 -> 2
B37: Liam Rosenior | C37: trener | D37: Anglia /Sierra Leone | E37: =IMAGE("https://flagcdn.com/w320/gb-eng.png") | F37: 30872 | G37: =DATEDIF(F37,TODAY(),"Y") -> 41 | H37: =L37+M37+N37 -> 1 | I37: =(3*L37)+M37 -> 3 | J37: =1 -> 1 | K37: 0 | L37: =1 -> 1 | M37: 0 | N37: 0
H38: =SUM(H36:H37) -> 7 | I38: =SUM(I36:I37) -> 13 | J38: =SUM(J36:J37) -> 14 | K38: =SUM(K36:K37) -> 8 | L38: =SUM(L36:L37) -> 4 | M38: =SUM(M36:M37) -> 1 | N38: =SUM(N36:N37) -> 2
A39: kolejka | B39: gospodarze | C39: goście | D39: gole dla Chelsea | E39: wynik | F39: stadion
A40: 1 | B40: Bayern Monachium | C40: Chelsea | D40: Cole Palmer 29 | E40: 45717 | F40: Monachium (Allianz Arena)
A41: 2 | B41: Chelsea | C41: Benfica | D41: Richard Riós 18 (s) | E41: 1-0 | F41: Londyn (Stamford Bridge)
A42: 3 | B42: Chelsea | C42: Ajax | D42: Marc Guiu 18, Moisés Caicedo 27, Enzo Fernández 45 (k), Estêvão 45 (k), Tyrique George 48 | E42: 45778 | F42: Londyn (Stamford Bridge)
A43: 4 | B43: Karabach | C43: Chelsea | D43: Estêvão 16, Alejandro Garnacho 53 | E43: 45690 | F43: Baku (Tofiq Bəhramov adına Respublika stadionu)
A44: 5 | B44: Chelsea | C44: Barcelona | D44: Jules Kounde 27 (s), Estêvão 55, Liam Delap 73 | E44: 3-0 | F44: Londyn (Stamford Bridge)
A45: 6 | B45: Atalanta | C45: Chelsea | D45: João Pedro 25 | E45: 45689 | F45: Bergamo (Stadio Atleti Azzurri d'Italia)
A46: 7 | B46: Chelsea | C46: Pafos | D46: Moisés Caicedo 78 | E46: 1-0 | F46: Londyn (Stamford Bridge)
A47: 8 | B47: Napoli | C47: Chelsea | F47: Neapol (Stadio Diego Armando Maradona)

Sheet Brugge
A1: numer | B1: imię i nazwisko | C1: pozycja | D1: narodowość | E1: flaga | F1: data urodzenia | G1: wiek | H1: mecze | I1: minuty | J1: gole | K1: asysty | L1: żółte kartki | M1: czerwone kartki | N1: czyste konta | O1: gole samobójcze | P1: kanadyjka | Q1: obronione karne
A2: 2 | B2: Zaid Romero | C2: obrońca | D2: Argentyna /Syria | E2: =IMAGE("https://flagcdn.com/w320/ar.png") | F2: 36509 | G2: =DATEDIF(F2,TODAY(),"Y") -> 26 | H2: =1+1 -> 2 | I2: =2+10 -> 12 | P2: =J2+K2 -> 0
A3: 4 | B3: Joel Ordóñez | C3: obrońca | D3: Ekwador | E3: =IMAGE("https://flagcdn.com/w320/ec.png") | F3: 38098 | G3: =DATEDIF(F3,TODAY(),"Y") -> 21 | H3: =1+1+1+1+1+1+1 -> 7 | I3: =80+88+90+90+90+90+90 -> 618 | P3: =J3+K3 -> 0
A4: 6 | B4: Ludovit Reis | C4: pomocnik | D4: Holandia /Słowacja | E4: =IMAGE("https://flagcdn.com/w320/nl.png") | F4: 36678 | G4: =DATEDIF(F4,TODAY(),"Y") -> 25 | H4: 0 | I4: 0 | P4: =J4+K4 -> 0
A5: 7 | B5: Nicolò Tresoldi | C5: napastnik | D5: Niemcy /Włochy | E5: =IMAGE("https://flagcdn.com/w320/de.png") | F5: 38219 | G5: =DATEDIF(F5,TODAY(),"Y") -> 21 | H5: =1+1+1+1+1+1+1 -> 7 | I5: =90+62+65+77+30+66+13 -> 403 | J5: =1+1 -> 2 | K5: =1 -> 1 | P5: =J5+K5 -> 3
A6: 8 | B6: Christos Tzolis | C6: napastnik | D6: Grecja | E6: =IMAGE("https://flagcdn.com/w320/gr.png") | F6: 37286 | G6: =DATEDIF(F6,TODAY(),"Y") -> 23 | H6: =1+1+1+1+1+1 -> 6 | I6: =90+90+79+90+90+90 -> 529 | J6: =1 -> 1 | K6: =1 -> 1 | L6: =1 -> 1 | P6: =J6+K6 -> 2 | Q6: =1 -> 1
A7: 9 | B7: Carlos Forbs | C7: napastnik | D7: Portugalia /Gwinea Bissau | E7: =IMAGE("https://flagcdn.com/w320/pt.png") | F7: 38065 | G7: =DATEDIF(F7,TODAY(),"Y") -> 21 | H7: =1+1+1+1+1+1+1 -> 7 | I7: =60+74+45+77+73+82+77 -> 488 | J7: =2 -> 2 | K7: =1+1 -> 2 | P7: =J7+K7 -> 4
A8: 10 | B8: Hugo Vetlesen | C8: pomocnik | D8: Norwegia | E8: =IMAGE("https://flagcdn.com/w320/no.png") | F8: 36585 | G8: =DATEDIF(F8,TODAY(),"Y") -> 25 | H8: =1+1+1+1+1 -> 5 | I8: =16+4+17+17+63 -> 117 | P8: =J8+K8 -> 0
A9: 11 | B9: Cisse Sandra | C9: pomocnik | D9: Belgia | E9: =IMAGE("https://flagcdn.com/w320/be.png") | F9: 37971 | G9: =DATEDIF(F9,TODAY(),"Y") -> 22 | H9: =1+1+1 -> 3 | I9: =88+25+27 -> 140 | P9: =J9+K9 -> 0
A10: 14 | B10: Bjorn Meijer | C10: obrońca | D10: Holandia | E10: =IMAGE("https://flagcdn.com/w320/nl.png") | F10: 37698 | G10: =DATEDIF(F10,TODAY(),"Y") -> 22 | H10: =1+1+1+1+1 -> 5 | I10: =60+2+90+24+13 -> 189 | P10: =J10+K10 -> 0
A11: 15 | B11: Raphael Onyedika | C11: pomocnik | D11: Nigeria | E11: =IMAGE("https://flagcdn.com/w320/ng.png") | F11: 37000 | G11: =DATEDIF(F11,TODAY(),"Y") -> 24 | H11: =1+1+1+1 -> 4 | I11: =80+83+90+73 -> 326 | J11: =1 -> 1 | L11: =1+1 -> 2 | P11: =J11+K11 -> 1
A12: 16 | B12: Dani van den Heuvel | C12: bramkarz | D12: Holandia | E12: =IMAGE("https://flagcdn.com/w320/nl.png") | F12: 37769 | G12: =DATEDIF(F12,TODAY(),"Y") -> 22 | H12: =1 -> 1 | I12: =90 -> 90 | P12: =J12+K12 -> 0
A13: 17 | B13: Romeo Vermant | C13: napastnik | D13: Belgia | E13: =IMAGE("https://flagcdn.com/w320/be.png") | F13: 38010 | G13: =DATEDIF(F13,TODAY(),"Y") -> 22 | H13: =1+1+1+1+1 -> 5 | I13: =28+25+13+60+77 -> 203 | J13: =1 -> 1 | P13: =J13+K13 -> 1
A14: 19 | B14: Gustad Nilsson | C14: napastnik | D14: Szwecja | E14: =IMAGE("https://flagcdn.com/w320/se.png") | F14: 35573 | G14: =DATEDIF(F14,TODAY(),"Y") -> 28 | H14: 0 | I14: 0 | P14: =J14+K14 -> 0
A15: 20 | B15: Hans Vanaken | C15: pomocnik | D15: Belgia | E15: =IMAGE("https://flagcdn.com/w320/be.png") | F15: 33840 | G15: =DATEDIF(F15,TODAY(),"Y") -> 33 | H15: =1+1+1+1+1+1+1 -> 7 | I15: =90+90+90+90+90+90+90 -> 630 | J15: =1+1 -> 2 | K15: =1+1+1 -> 3 | L15: =1 -> 1 | P15: =J15+K15 -> 5
A16: 22 | B16: Simon Mignolet | C16: bramkarz | D16: Belgia | E16: =IMAGE("https://flagcdn.com/w320/be.png") | F16: 32208 | G16: =DATEDIF(F16,TODAY(),"Y") -> 37 | H16: =1 -> 1 | I16: =18 -> 18 | L16: =1 -> 1 | P16: =J16+K16 -> 0 | Q16: =1 -> 1
A17: 24 | B17: Vince Osuji | C17: obrońca | D17: Nigeria | E17: =IMAGE("https://flagcdn.com/w320/ng.png") | F17: 38813 | G17: =DATEDIF(F17,TODAY(),"Y") -> 19 | H17: 0 | I17: 0 | P17: =J17+K17 -> 0
A18: 25 | B18: Aleksandar Stanković | C18: pomocnik | D18: Serbia /Włochy | E18: =IMAGE("https://flagcdn.com/w320/rs.png") | F18: 38567 | G18: =DATEDIF(F18,TODAY(),"Y") -> 20 | H18: =1+1+1+1+1+1+1 -> 7 | I18: =90+90+90+90+73+90+90 -> 613 | J18: =1 -> 1 | P18: =J18+K18 -> 1
A19: 29 | B19: Nordin Jackers | C19: bramkarz | D19: Belgia | E19: =IMAGE("https://flagcdn.com/w320/be.png") | F19: 35678 | G19: =DATEDIF(F19,TODAY(),"Y") -> 28 | H19: =1+1+1+1+1+1 -> 6 | I19: =72+90+90+90+90+90 -> 522 | P19: =J19+K19 -> 0
A20: 41 | B20: Hugo Siquet | C20: obrońca | D20: Belgia | E20: =IMAGE("https://flagcdn.com/w320/be.png") | F20: 37446 | G20: =DATEDIF(F20,TODAY(),"Y") -> 23 | H20: =1+1+1+1 -> 4 | I20: =45+80+66+6 -> 197 | P20: =J20+K20 -> 0
A21: 44 | B21: Brandon Mechele | C21: obrońca | D21: Belgia | E21: =IMAGE("https://flagcdn.com/w320/be.png") | F21: 33997 | G21: =DATEDIF(F21,TODAY(),"Y") -> 33 | H21: =1+1+1+1+1+1+1 -> 7 | I21: =90+90+90+90+90+90+90 -> 630 | J21: =1 -> 1 | L21: =1 -> 1 | P21: =J21+K21 -> 1
A22: 58 | B22: Jorne Spileers | C22: obrońca | D22: Belgia | E22: =IMAGE("https://flagcdn.com/w320/be.png") | F22: 38493 | G22: =DATEDIF(F22,TODAY(),"Y") -> 20 | H22: =1+1+1 -> 3 | I22: =10+45+10 -> 65 | P22: =J22+K22 -> 0
A23: 62 | B23: Lynnt Audoor | C23: pomocnik | D23: Belgia | E23: =IMAGE("https://flagcdn.com/w320/be.png") | F23: 37907 | G23: =DATEDIF(F23,TODAY(),"Y") -> 22 | H23: =1+1+1 -> 3 | I23: =10+65+3 -> 78 | P23: =J23+K23 -> 0
A24: 64 | B24: Kyriani Sabbe | C24: obrońca | D24: Belgia | E24: =IMAGE("https://flagcdn.com/w320/be.png") | F24: 38378 | G24: =DATEDIF(F24,TODAY(),"Y") -> 21 | H24: =1+1+1+1+1+1 -> 6 | I24: =90+88+45+90+17+84 -> 414 | P24: =J24+K24 -> 0
A25: 65 | B25: Joaquin Seys | C25: obrońca | D25: Belgia | E25: =IMAGE("https://flagcdn.com/w320/be.png") | F25: 38439 | G25: =DATEDIF(F25,TODAY(),"Y") -> 20 | H25: =1+1+1+1+1+1 -> 6 | I25: =30+90+90+80+73+77 -> 440 | K25: =1+1 -> 2 | L25: =1 -> 1 | P25: =J25+K25 -> 2
A26: 67 | B26: Mamadou Diakhon | C26: napastnik | D26: Francja /Senegal | E26: =IMAGE("https://flagcdn.com/w320/fr.png") | F26: 38617 | G26: =DATEDIF(F26,TODAY(),"Y") -> 20 | H26: =1+1+1+1+1+1 -> 6 | I26: =30+11+13+17+8+90 -> 169 | J26: =1 -> 1 | K26: =1 -> 1 | L26: =1 -> 1 | P26: =J26+K26 -> 2
A27: 70 | B27: Alejandro Granados | C27: pomocnik | D27: Hiszpania /USA | E27: =IMAGE("https://flagcdn.com/w320/es.png") | F27: 38867 | G27: =DATEDIF(F27,TODAY(),"Y") -> 19 | P27: =J27+K27 -> 0
A28: 71 | B28: Axl De Corte | C28: bramkarz | D28: Belgia | E28: =IMAGE("https://flagcdn.com/w320/be.png") | F28: 38800 | G28: =DATEDIF(F28,TODAY(),"Y") -> 19 | H28: 0 | I28: 0 | P28: =J28+K28 -> 0
A29: 72 | B29: Jessi Da Silva | C29: pomocnik | D29: Belgia | E29: =IMAGE("https://flagcdn.com/w320/be.png") | F29: 39553 | G29: =DATEDIF(F29,TODAY(),"Y") -> 17 | P29: =J29+K29 -> 0
A30: 73 | B30: Laurens Goemaere | C30: pomocnik | D30: Belgia | E30: =IMAGE("https://flagcdn.com/w320/be.png") | F30: 38814 | G30: =DATEDIF(F30,TODAY(),"Y") -> 19 | P30: =J30+K30 -> 0
A31: 74 | B31: Jesse Bisiwu | C31: napastnik | D31: Belgia | E31: =IMAGE("https://flagcdn.com/w320/be.png") | F31: 39469 | G31: =DATEDIF(F31,TODAY(),"Y") -> 18 | P31: =J31+K31 -> 0
A32: 78 | B32: Tobias Lund Jensen | C32: pomocnik | D32: Dania | E32: =IMAGE("https://flagcdn.com/w320/dk.png") | F32: 38758 | G32: =DATEDIF(F32,TODAY(),"Y") -> 19 | P32: =J32+K32 -> 0
A33: 81 | B33: Argus Vanden Driessche | C33: bramkarz | D33: Belgia | E33: =IMAGE("https://flagcdn.com/w320/be.png") | F33: 39194 | G33: =DATEDIF(F33,TODAY(),"Y") -> 18 | H33: 0 | I33: 0 | P33: =J33+K33 -> 0
A34: 82 | B34: Samuel Gomez Van Hoogen | C34: obrońca | D34: Belgia /Hiszpania | E34: =IMAGE("https://flagcdn.com/w320/be.png") | F34: 38741 | G34: =DATEDIF(F34,TODAY(),"Y") -> 20 | P34: =J34+K34 -> 0
A35: 84 | B35: Shandre Campbell | C35: napastnik | D35: RPA | E35: =IMAGE("https://flagcdn.com/w320/za.png") | F35: 38548 | G35: =DATEDIF(F35,TODAY(),"Y") -> 20 | H35: =1+1 -> 2 | I35: =2+13 -> 15 | P35: =J35+K35 -> 0
A36: 87 | B36: Kaye Furo | C36: napastnik | D36: Belgia | E36: =IMAGE("https://flagcdn.com/w320/be.png") | F36: 39119 | G36: =DATEDIF(F36,TODAY(),"Y") -> 18 | H36: =1 -> 1 | I36: =24 -> 24 | P36: =J36+K36 -> 0
H37: =SUM(H2:H36) -> 111 | I37: =SUM(I2:I36) -> 6930 | J37: =SUM(J2:J36) -> 12 | K37: =SUM(K2:K36) -> 10 | L37: =SUM(L2:L36) -> 8 | M37: =SUM(M2:M36) -> 0 | N37: =SUM(N2:N36) -> 0 | O37: =SUM(O2:O36) -> 0 | ... Q37: =SUM(Q2:Q36) -> 2
A38: numer | B38: imię i nazwisko | C38: rola | D38: narodowość | E38: flaga | F38: data urodzenia | G38: wiek | H38: mecze | I38: punkty | J38: strzelone | K38: stracone | L38: wygrane | M38: remisy | N38: porażki
B39: Nicky Hayen | C39: trener | D39: Belgia | E39: =IMAGE("https://flagcdn.com/w320/be.png") | F39: 29449 | G39: =DATEDIF(F39,TODAY(),"Y") -> 45 | H39: =L39+M39+N39 -> 5 | I39: =(3*L39)+M39 -> 4 | J39: =4+1+3 -> 8 | K39: =1+2+4+3+3 -> 13 | L39: =1 -> 1 | M39: =1 -> 1 | N39: =1+1+1 -> 3
B40: Ivan Leko | C40: trener | D40: Chorwacja | E40: =IMAGE("https://flagcdn.com/w320/hr.png") | F40: 28528 | G40: =DATEDIF(F40,TODAY(),"Y") -> 47 | H40: =L40+M40+N40 -> 2 | I40: =(3*L40)+M40 -> 3 | J40: =4 -> 4 | K40: =3+1 -> 4 | L40: =1 -> 1 | M40: 0 | N40: =1 -> 1
H41: =SUM(H39:H40) -> 7 | I41: =SUM(I39:I40) -> 7 | J41: =SUM(J39:J40) -> 12 | K41: =SUM(K39:K40) -> 17 | L41: =SUM(L39:L40) -> 2 | M41: =SUM(M39:M40) -> 1 | N41: =SUM(N39:N40) -> 4
A42: kolejka | B42: gospodarze | C42: goście | D42: gole dla Brugi | E42: wynik | F42: stadion
A43: 1 | B43: Club Brugge | C43: Monaco | D43: Nicolò Tresoldi 32, Raphael Onyedika 39, Hans Vanaken 42, Mamadou Diakhon 75 | E43: 45748 | F43: Brugia (Jan Breydel Stadium)
A44: 2 | B44: Atalanta | C44: Club Brugge | D44: Christos Tzolis 38 | E44: 45689 | F44: Bergamo (Stadio Atleti Azzurri d'Italia)
A45: 3 | B45: Bayern Monachium | C45: Club Brugge | E45: 4-0 | F45: Monachium (Allianz Arena)
A46: 4 | B46: Club Brugge | C46: Barcelona | D46: Nicolò Tresoldi 6, Carlos Forbs 17, 63 | E46: 45719 | F46: Brugia (Jan Breydel Stadium)
A47: 5 | B47: Sporting CP | C47: Club Brugge | E47: 3-0 | F47: Lizbona (Estádio José Alvalade)
A48: 6 | B48: Club Brugge | C48: Arsenal | E48: 0-3 | F48: Brugia (Jan Breydel Stadium)
A49: 7 | B49: Kairat | C49: Club Brugge | D49: Aleksandar Stanković 32, Hans Vanaken 38, Romeo Vermant 74, Brandon Mechele 84 | E49: 46026 | F49: Ałmaty (Stadion Centralny)
A50: 8 | B50: Club Brugge | C50: Marsylia | F50: Brugia (Jan Breydel Stadium)

Sheet Kopenhaga
A1: numer | B1: imię i nazwisko | C1: pozycja | D1: narodowość | E1: flaga | F1: data urodzenia | G1: wiek | H1: mecze | I1: minuty | J1: gole | K1: asysty | L1: żółte kartki | M1: czerwone kartki | N1: czyste konta | O1: gole samobójcze | P1: kanadyjka | Q1: obronione karne
